UASG,Status da requisição,Url        ,Tempo inicio,Tempo fim,Tempo da requisição medido (s),Tempo da requisição método (s)
120041,200,https://compras.dados.gov.br/licitacoes/v1/licitacoes.csv?uasg=120041            ,12/12/2022 03:01:13,12/12/2022 03:01:15,0:00:02.169266,2.119328
273167,200,https://compras.dados.gov.br/licitacoes/v1/licitacoes.csv?uasg=273167            ,12/12/2022 03:01:27,12/12/2022 03:01:28,0:00:01.243935,1.22523
273011,200,https://compras.dados.gov.br/licitacoes/v1/licitacoes.csv?uasg=273011            ,12/12/2022 03:01:40,12/12/2022 03:01:40,0:00:00.275350,0.259274
273028,200,https://compras.dados.gov.br/licitacoes/v1/licitacoes.csv?uasg=273028            ,12/12/2022 03:01:51,12/12/2022 03:01:52,0:00:00.540767,0.518086
273043,200,https://compras.dados.gov.br/licitacoes/v1/licitacoes.csv?uasg=273043            ,12/12/2022 03:02:04,12/12/2022 03:02:04,0:00:00.287966,0.264535
273056,200,https://compras.dados.gov.br/licitacoes/v1/licitacoes.csv?uasg=273056            ,12/12/2022 03:02:16,12/12/2022 03:02:16,0:00:00.729654,0.622668
273100,200,https://compras.dados.gov.br/licitacoes/v1/licitacoes.csv?uasg=273100            ,12/12/2022 03:02:28,12/12/2022 03:02:28,0:00:00.188699,0.180685
273110,200,https://compras.dados.gov.br/licitacoes/v1/licitacoes.csv?uasg=273110            ,12/12/2022 03:02:40,12/12/2022 03:02:41,0:00:01.366652,1.293147
167253,200,https://compras.dados.gov.br/licitacoes/v1/licitacoes.csv?uasg=167253            ,12/12/2022 03:05:23,12/12/2022 03:05:23,0:00:00.310459,0.291936
160253,200,https://compras.dados.gov.br/licitacoes/v1/licitacoes.csv?uasg=160253            ,12/12/2022 03:05:35,12/12/2022 03:05:41,0:00:06.493050,6.414918
167006,200,https://compras.dados.gov.br/licitacoes/v1/licitacoes.csv?uasg=167006            ,12/12/2022 03:05:53,12/12/2022 03:05:53,0:00:00.263233,0.254441
160006,200,https://compras.dados.gov.br/licitacoes/v1/licitacoes.csv?uasg=160006            ,12/12/2022 03:06:05,12/12/2022 03:06:27,0:00:22.392562,22.339029
160254,200,https://compras.dados.gov.br/licitacoes/v1/licitacoes.csv?uasg=160254            ,12/12/2022 03:07:21,12/12/2022 03:07:23,0:00:02.326997,2.289841
160255,200,https://compras.dados.gov.br/licitacoes/v1/licitacoes.csv?uasg=160255            ,12/12/2022 03:07:48,12/12/2022 03:07:55,0:00:07.598127,7.56027
160030,200,https://compras.dados.gov.br/licitacoes/v1/licitacoes.csv?uasg=160030            ,12/12/2022 03:09:29,12/12/2022 03:09:48,0:00:19.164218,19.129694
160382,200,https://compras.dados.gov.br/licitacoes/v1/licitacoes.csv?uasg=160382            ,12/12/2022 03:10:41,12/12/2022 03:10:46,0:00:04.531829,4.493411
167338,200,https://compras.dados.gov.br/licitacoes/v1/licitacoes.csv?uasg=167338            ,12/12/2022 03:11:39,12/12/2022 03:11:52,0:00:12.476410,12.458674
167259,200,https://compras.dados.gov.br/licitacoes/v1/licitacoes.csv?uasg=167259            ,12/12/2022 03:12:24,12/12/2022 03:12:32,0:00:07.789800,7.781099
160259,200,https://compras.dados.gov.br/licitacoes/v1/licitacoes.csv?uasg=160259            ,12/12/2022 03:12:43,12/12/2022 03:13:01,0:00:17.278653,17.239778
160260,200,https://compras.dados.gov.br/licitacoes/v1/licitacoes.csv?uasg=160260            ,12/12/2022 03:13:13,12/12/2022 03:13:22,0:00:09.410876,9.375635
167261,200,https://compras.dados.gov.br/licitacoes/v1/licitacoes.csv?uasg=167261            ,12/12/2022 03:13:46,12/12/2022 03:13:46,0:00:00.098277,0.092464
160261,200,https://compras.dados.gov.br/licitacoes/v1/licitacoes.csv?uasg=160261            ,12/12/2022 03:13:58,12/12/2022 03:14:01,0:00:03.496357,3.453974
160262,200,https://compras.dados.gov.br/licitacoes/v1/licitacoes.csv?uasg=160262            ,12/12/2022 03:14:26,12/12/2022 03:14:35,0:00:09.355942,9.313985
240023,200,https://compras.dados.gov.br/licitacoes/v1/licitacoes.csv?uasg=240023            ,12/12/2022 03:17:51,12/12/2022 03:17:52,0:00:00.345976,0.334641
167252,200,https://compras.dados.gov.br/licitacoes/v1/licitacoes.csv?uasg=167252            ,12/12/2022 03:18:27,12/12/2022 03:18:28,0:00:00.912894,0.899417
160447,200,https://compras.dados.gov.br/licitacoes/v1/licitacoes.csv?uasg=160447            ,12/12/2022 03:18:52,12/12/2022 03:19:14,0:00:22.115913,22.07308
160114,200,https://compras.dados.gov.br/licitacoes/v1/licitacoes.csv?uasg=160114            ,12/12/2022 03:21:41,12/12/2022 03:21:44,0:00:02.953541,2.90941
167354,200,https://compras.dados.gov.br/licitacoes/v1/licitacoes.csv?uasg=167354            ,12/12/2022 03:21:55,12/12/2022 03:21:56,0:00:00.150971,0.145246
160354,200,https://compras.dados.gov.br/licitacoes/v1/licitacoes.csv?uasg=160354            ,12/12/2022 03:22:07,12/12/2022 03:22:30,0:00:22.242832,22.208709
167355,200,https://compras.dados.gov.br/licitacoes/v1/licitacoes.csv?uasg=167355            ,12/12/2022 03:22:42,12/12/2022 03:22:42,0:00:00.206056,0.200082
160355,200,https://compras.dados.gov.br/licitacoes/v1/licitacoes.csv?uasg=160355            ,12/12/2022 03:22:54,12/12/2022 03:22:55,0:00:00.798472,0.737537
130081,200,https://compras.dados.gov.br/licitacoes/v1/licitacoes.csv?uasg=130081            ,12/12/2022 03:23:07,12/12/2022 03:23:07,0:00:00.636449,0.593532
160184,200,https://compras.dados.gov.br/licitacoes/v1/licitacoes.csv?uasg=160184            ,12/12/2022 03:23:20,12/12/2022 03:23:21,0:00:01.093022,1.049228
167184,200,https://compras.dados.gov.br/licitacoes/v1/licitacoes.csv?uasg=167184            ,12/12/2022 03:23:33,12/12/2022 03:23:33,0:00:00.107535,0.101749
160043,200,https://compras.dados.gov.br/licitacoes/v1/licitacoes.csv?uasg=160043            ,12/12/2022 03:23:45,12/12/2022 03:23:45,0:00:00.407393,0.39403
160049,200,https://compras.dados.gov.br/licitacoes/v1/licitacoes.csv?uasg=160049            ,12/12/2022 03:24:48,12/12/2022 03:25:12,0:00:24.178724,24.134049
195018,200,https://compras.dados.gov.br/licitacoes/v1/licitacoes.csv?uasg=195018            ,12/12/2022 03:25:24,12/12/2022 03:25:27,0:00:02.679296,2.673023
160023,200,https://compras.dados.gov.br/licitacoes/v1/licitacoes.csv?uasg=160023            ,12/12/2022 03:26:40,12/12/2022 03:26:57,0:00:17.111544,16.959726
160107,200,https://compras.dados.gov.br/licitacoes/v1/licitacoes.csv?uasg=160107            ,12/12/2022 03:27:09,12/12/2022 03:27:18,0:00:08.875111,8.829818
160053,200,https://compras.dados.gov.br/licitacoes/v1/licitacoes.csv?uasg=160053            ,12/12/2022 03:27:57,12/12/2022 03:28:02,0:00:05.411383,5.319136
160263,200,https://compras.dados.gov.br/licitacoes/v1/licitacoes.csv?uasg=160263            ,12/12/2022 03:28:56,12/12/2022 03:29:03,0:00:06.873414,6.837171
167152,200,https://compras.dados.gov.br/licitacoes/v1/licitacoes.csv?uasg=167152            ,12/12/2022 03:29:15,12/12/2022 03:29:23,0:00:08.167740,8.153773
167072,200,https://compras.dados.gov.br/licitacoes/v1/licitacoes.csv?uasg=167072            ,12/12/2022 03:29:35,12/12/2022 03:29:41,0:00:05.714772,5.708611
160054,200,https://compras.dados.gov.br/licitacoes/v1/licitacoes.csv?uasg=160054            ,12/12/2022 03:31:20,12/12/2022 03:31:20,0:00:00.113385,0.107457
926457,200,https://compras.dados.gov.br/licitacoes/v1/licitacoes.csv?uasg=926457            ,12/12/2022 03:31:32,12/12/2022 03:31:35,0:00:03.211400,3.197178
160356,200,https://compras.dados.gov.br/licitacoes/v1/licitacoes.csv?uasg=160356            ,12/12/2022 03:34:05,12/12/2022 03:34:24,0:00:19.704409,19.656344
167108,200,https://compras.dados.gov.br/licitacoes/v1/licitacoes.csv?uasg=167108            ,12/12/2022 03:34:37,12/12/2022 03:34:37,0:00:00.244340,0.23415
160108,200,https://compras.dados.gov.br/licitacoes/v1/licitacoes.csv?uasg=160108            ,12/12/2022 03:34:49,12/12/2022 03:34:56,0:00:07.290494,7.253527
160115,200,https://compras.dados.gov.br/licitacoes/v1/licitacoes.csv?uasg=160115            ,12/12/2022 03:35:09,12/12/2022 03:35:09,0:00:00.413658,0.381278
160357,200,https://compras.dados.gov.br/licitacoes/v1/licitacoes.csv?uasg=160357            ,12/12/2022 03:35:33,12/12/2022 03:35:34,0:00:01.168668,1.126755
167357,200,https://compras.dados.gov.br/licitacoes/v1/licitacoes.csv?uasg=167357            ,12/12/2022 03:35:46,12/12/2022 03:35:47,0:00:00.260465,0.24458
167470,200,https://compras.dados.gov.br/licitacoes/v1/licitacoes.csv?uasg=167470            ,12/12/2022 03:35:59,12/12/2022 03:35:59,0:00:00.230668,0.224613
160470,200,https://compras.dados.gov.br/licitacoes/v1/licitacoes.csv?uasg=160470            ,12/12/2022 03:36:11,12/12/2022 03:36:15,0:00:03.223107,3.172978
160009,200,https://compras.dados.gov.br/licitacoes/v1/licitacoes.csv?uasg=160009            ,12/12/2022 03:36:39,12/12/2022 03:36:39,0:00:00.710758,0.667382
160383,200,https://compras.dados.gov.br/licitacoes/v1/licitacoes.csv?uasg=160383            ,12/12/2022 03:37:03,12/12/2022 03:37:15,0:00:11.540424,11.483814
167018,200,https://compras.dados.gov.br/licitacoes/v1/licitacoes.csv?uasg=167018            ,12/12/2022 03:37:33,12/12/2022 03:37:33,0:00:00.200638,0.19153
160018,200,https://compras.dados.gov.br/licitacoes/v1/licitacoes.csv?uasg=160018            ,12/12/2022 03:37:46,12/12/2022 03:37:50,0:00:04.475200,4.438129
160544,200,https://compras.dados.gov.br/licitacoes/v1/licitacoes.csv?uasg=160544            ,12/12/2022 03:38:02,12/12/2022 03:38:03,0:00:00.462002,0.455744
160232,200,https://compras.dados.gov.br/licitacoes/v1/licitacoes.csv?uasg=160232            ,12/12/2022 03:40:04,12/12/2022 03:40:17,0:00:13.353230,13.316282
160128,200,https://compras.dados.gov.br/licitacoes/v1/licitacoes.csv?uasg=160128            ,12/12/2022 03:40:41,12/12/2022 03:40:42,0:00:00.620039,0.583797
160429,200,https://compras.dados.gov.br/licitacoes/v1/licitacoes.csv?uasg=160429            ,12/12/2022 03:41:06,12/12/2022 03:41:09,0:00:02.542747,2.495834
167406,200,https://compras.dados.gov.br/licitacoes/v1/licitacoes.csv?uasg=167406            ,12/12/2022 03:41:21,12/12/2022 03:41:22,0:00:00.285631,0.269699
160406,200,https://compras.dados.gov.br/licitacoes/v1/licitacoes.csv?uasg=160406            ,12/12/2022 03:41:34,12/12/2022 03:41:35,0:00:00.999113,0.95345
160366,200,https://compras.dados.gov.br/licitacoes/v1/licitacoes.csv?uasg=160366            ,12/12/2022 03:42:29,12/12/2022 03:42:34,0:00:05.135850,5.100322
160478,200,https://compras.dados.gov.br/licitacoes/v1/licitacoes.csv?uasg=160478            ,12/12/2022 03:42:46,12/12/2022 03:42:55,0:00:08.326036,8.272185
80005,200,https://compras.dados.gov.br/licitacoes/v1/licitacoes.csv?uasg=80005            ,12/12/2022 03:43:07,12/12/2022 03:43:08,0:00:01.132609,1.096065
160178,200,https://compras.dados.gov.br/licitacoes/v1/licitacoes.csv?uasg=160178            ,12/12/2022 03:43:33,12/12/2022 03:43:37,0:00:04.535354,4.494317
160185,200,https://compras.dados.gov.br/licitacoes/v1/licitacoes.csv?uasg=160185            ,12/12/2022 03:43:50,12/12/2022 03:44:05,0:00:15.538240,15.502807
160499,200,https://compras.dados.gov.br/licitacoes/v1/licitacoes.csv?uasg=160499            ,12/12/2022 03:44:35,12/12/2022 03:44:45,0:00:09.773084,9.733155
167499,200,https://compras.dados.gov.br/licitacoes/v1/licitacoes.csv?uasg=167499            ,12/12/2022 03:44:57,12/12/2022 03:45:15,0:00:18.171748,18.165437
160123,200,https://compras.dados.gov.br/licitacoes/v1/licitacoes.csv?uasg=160123            ,12/12/2022 03:45:42,12/12/2022 03:46:07,0:00:24.348720,24.310703
273017,200,https://compras.dados.gov.br/licitacoes/v1/licitacoes.csv?uasg=273017            ,12/12/2022 03:47:42,12/12/2022 03:47:50,0:00:07.479272,7.469437
167524,200,https://compras.dados.gov.br/licitacoes/v1/licitacoes.csv?uasg=167524            ,12/12/2022 03:49:26,12/12/2022 03:49:34,0:00:08.714194,8.664423
160230,200,https://compras.dados.gov.br/licitacoes/v1/licitacoes.csv?uasg=160230            ,12/12/2022 03:50:13,12/12/2022 03:50:42,0:00:28.948346,28.849633
167230,200,https://compras.dados.gov.br/licitacoes/v1/licitacoes.csv?uasg=167230            ,12/12/2022 03:51:03,12/12/2022 03:51:17,0:00:14.025569,14.000382
167265,200,https://compras.dados.gov.br/licitacoes/v1/licitacoes.csv?uasg=167265            ,12/12/2022 03:52:23,12/12/2022 03:52:37,0:00:13.860973,13.845353
160265,200,https://compras.dados.gov.br/licitacoes/v1/licitacoes.csv?uasg=160265            ,12/12/2022 03:52:49,12/12/2022 03:53:15,0:00:26.087238,26.040568
160174,200,https://compras.dados.gov.br/licitacoes/v1/licitacoes.csv?uasg=160174            ,12/12/2022 03:53:28,12/12/2022 03:53:57,0:00:28.670916,28.619076
160209,200,https://compras.dados.gov.br/licitacoes/v1/licitacoes.csv?uasg=160209            ,12/12/2022 03:54:09,12/12/2022 03:54:37,0:00:27.481142,27.444266
167209,200,https://compras.dados.gov.br/licitacoes/v1/licitacoes.csv?uasg=167209            ,12/12/2022 03:54:50,12/12/2022 03:54:54,0:00:04.399689,4.392637
160227,200,https://compras.dados.gov.br/licitacoes/v1/licitacoes.csv?uasg=160227            ,12/12/2022 03:55:24,12/12/2022 03:55:44,0:00:20.413800,20.327288
343029,200,https://compras.dados.gov.br/licitacoes/v1/licitacoes.csv?uasg=343029            ,12/12/2022 03:55:57,12/12/2022 03:56:03,0:00:06.310249,6.28908
160340,200,https://compras.dados.gov.br/licitacoes/v1/licitacoes.csv?uasg=160340            ,12/12/2022 03:56:15,12/12/2022 03:56:23,0:00:07.767228,7.729431
167055,200,https://compras.dados.gov.br/licitacoes/v1/licitacoes.csv?uasg=167055            ,12/12/2022 03:56:53,12/12/2022 03:56:57,0:00:04.057478,4.050186
273126,200,https://compras.dados.gov.br/licitacoes/v1/licitacoes.csv?uasg=273126            ,12/12/2022 03:59:33,12/12/2022 03:59:33,0:00:00.490676,0.470196
160378,200,https://compras.dados.gov.br/licitacoes/v1/licitacoes.csv?uasg=160378            ,12/12/2022 03:59:46,12/12/2022 03:59:55,0:00:08.877092,8.836726
160025,200,https://compras.dados.gov.br/licitacoes/v1/licitacoes.csv?uasg=160025            ,12/12/2022 04:00:19,12/12/2022 04:00:20,0:00:00.706237,0.664291
343037,200,https://compras.dados.gov.br/licitacoes/v1/licitacoes.csv?uasg=343037            ,12/12/2022 04:00:33,12/12/2022 04:00:33,0:00:00.236856,0.226201
167145,200,https://compras.dados.gov.br/licitacoes/v1/licitacoes.csv?uasg=167145            ,12/12/2022 04:00:45,12/12/2022 04:00:47,0:00:01.091666,1.080084
160116,200,https://compras.dados.gov.br/licitacoes/v1/licitacoes.csv?uasg=160116            ,12/12/2022 04:01:12,12/12/2022 04:01:35,0:00:23.716387,23.675759
160032,200,https://compras.dados.gov.br/licitacoes/v1/licitacoes.csv?uasg=160032            ,12/12/2022 04:01:48,12/12/2022 04:01:49,0:00:00.689442,0.653143
160341,200,https://compras.dados.gov.br/licitacoes/v1/licitacoes.csv?uasg=160341            ,12/12/2022 04:02:13,12/12/2022 04:02:16,0:00:02.643820,2.539739
167131,200,https://compras.dados.gov.br/licitacoes/v1/licitacoes.csv?uasg=167131            ,12/12/2022 04:02:40,12/12/2022 04:02:41,0:00:00.233339,0.213017
160145,200,https://compras.dados.gov.br/licitacoes/v1/licitacoes.csv?uasg=160145            ,12/12/2022 04:02:53,12/12/2022 04:03:06,0:00:12.230685,12.193706
160350,200,https://compras.dados.gov.br/licitacoes/v1/licitacoes.csv?uasg=160350            ,12/12/2022 04:03:30,12/12/2022 04:03:35,0:00:04.872034,4.836447
343035,200,https://compras.dados.gov.br/licitacoes/v1/licitacoes.csv?uasg=343035            ,12/12/2022 04:03:48,12/12/2022 04:03:48,0:00:00.535350,0.497799
160384,200,https://compras.dados.gov.br/licitacoes/v1/licitacoes.csv?uasg=160384            ,12/12/2022 04:04:18,12/12/2022 04:04:38,0:00:20.137857,20.101174
160029,200,https://compras.dados.gov.br/licitacoes/v1/licitacoes.csv?uasg=160029            ,12/12/2022 04:05:33,12/12/2022 04:05:34,0:00:00.922129,0.879354
160159,200,https://compras.dados.gov.br/licitacoes/v1/licitacoes.csv?uasg=160159            ,12/12/2022 04:05:59,12/12/2022 04:06:04,0:00:05.149854,5.107313
273007,200,https://compras.dados.gov.br/licitacoes/v1/licitacoes.csv?uasg=273007            ,12/12/2022 04:06:17,12/12/2022 04:06:18,0:00:01.193561,1.183935
343034,200,https://compras.dados.gov.br/licitacoes/v1/licitacoes.csv?uasg=343034            ,12/12/2022 04:06:31,12/12/2022 04:06:31,0:00:00.327563,0.304162
160033,200,https://compras.dados.gov.br/licitacoes/v1/licitacoes.csv?uasg=160033            ,12/12/2022 04:07:19,12/12/2022 04:07:26,0:00:06.340542,6.300974
167433,200,https://compras.dados.gov.br/licitacoes/v1/licitacoes.csv?uasg=167433            ,12/12/2022 04:07:39,12/12/2022 04:07:39,0:00:00.171846,0.157081
160433,200,https://compras.dados.gov.br/licitacoes/v1/licitacoes.csv?uasg=160433            ,12/12/2022 04:07:52,12/12/2022 04:07:57,0:00:05.495433,5.446305
160266,200,https://compras.dados.gov.br/licitacoes/v1/licitacoes.csv?uasg=160266            ,12/12/2022 04:08:22,12/12/2022 04:08:23,0:00:00.662851,0.625086
240001,200,https://compras.dados.gov.br/licitacoes/v1/licitacoes.csv?uasg=240001            ,12/12/2022 04:12:28,12/12/2022 04:12:29,0:00:00.744308,0.690762
167155,200,https://compras.dados.gov.br/licitacoes/v1/licitacoes.csv?uasg=167155            ,12/12/2022 04:12:42,12/12/2022 04:12:42,0:00:00.131233,0.116805
160477,200,https://compras.dados.gov.br/licitacoes/v1/licitacoes.csv?uasg=160477            ,12/12/2022 04:13:18,12/12/2022 04:13:28,0:00:09.871648,9.828178
160203,200,https://compras.dados.gov.br/licitacoes/v1/licitacoes.csv?uasg=160203            ,12/12/2022 04:13:53,12/12/2022 04:14:22,0:00:29.740161,29.640132
160161,200,https://compras.dados.gov.br/licitacoes/v1/licitacoes.csv?uasg=160161            ,12/12/2022 04:15:17,12/12/2022 04:15:20,0:00:02.918281,2.8803
160498,200,https://compras.dados.gov.br/licitacoes/v1/licitacoes.csv?uasg=160498            ,12/12/2022 04:15:45,12/12/2022 04:15:56,0:00:10.856526,10.819304
160267,200,https://compras.dados.gov.br/licitacoes/v1/licitacoes.csv?uasg=160267            ,12/12/2022 04:16:51,12/12/2022 04:16:52,0:00:00.840826,0.798776
160484,200,https://compras.dados.gov.br/licitacoes/v1/licitacoes.csv?uasg=160484            ,12/12/2022 04:17:07,12/12/2022 04:17:08,0:00:01.384853,1.344721
167484,200,https://compras.dados.gov.br/licitacoes/v1/licitacoes.csv?uasg=167484            ,12/12/2022 04:17:21,12/12/2022 04:17:22,0:00:00.835789,0.804233
167106,200,https://compras.dados.gov.br/licitacoes/v1/licitacoes.csv?uasg=167106            ,12/12/2022 04:17:35,12/12/2022 04:17:35,0:00:00.292651,0.264358
160463,200,https://compras.dados.gov.br/licitacoes/v1/licitacoes.csv?uasg=160463            ,12/12/2022 04:18:30,12/12/2022 04:18:44,0:00:13.821544,13.729746
167434,200,https://compras.dados.gov.br/licitacoes/v1/licitacoes.csv?uasg=167434            ,12/12/2022 04:18:57,12/12/2022 04:18:57,0:00:00.152162,0.146194
160434,200,https://compras.dados.gov.br/licitacoes/v1/licitacoes.csv?uasg=160434            ,12/12/2022 04:19:10,12/12/2022 04:19:11,0:00:01.739214,1.697673
160268,200,https://compras.dados.gov.br/licitacoes/v1/licitacoes.csv?uasg=160268            ,12/12/2022 04:19:36,12/12/2022 04:19:37,0:00:00.826840,0.789976
167153,200,https://compras.dados.gov.br/licitacoes/v1/licitacoes.csv?uasg=167153            ,12/12/2022 04:19:50,12/12/2022 04:19:51,0:00:00.190904,0.176255
160469,200,https://compras.dados.gov.br/licitacoes/v1/licitacoes.csv?uasg=160469            ,12/12/2022 04:20:04,12/12/2022 04:20:17,0:00:13.849471,13.814776
160473,200,https://compras.dados.gov.br/licitacoes/v1/licitacoes.csv?uasg=160473            ,12/12/2022 04:21:24,12/12/2022 04:21:38,0:00:14.188279,14.154592
160270,200,https://compras.dados.gov.br/licitacoes/v1/licitacoes.csv?uasg=160270            ,12/12/2022 04:22:56,12/12/2022 04:22:59,0:00:02.995814,2.957518
160428,200,https://compras.dados.gov.br/licitacoes/v1/licitacoes.csv?uasg=160428            ,12/12/2022 04:23:24,12/12/2022 04:23:40,0:00:15.634971,15.594017
167236,200,https://compras.dados.gov.br/licitacoes/v1/licitacoes.csv?uasg=167236            ,12/12/2022 04:24:46,12/12/2022 04:24:47,0:00:01.056242,1.034736
273001,200,https://compras.dados.gov.br/licitacoes/v1/licitacoes.csv?uasg=273001            ,12/12/2022 04:25:00,12/12/2022 04:25:01,0:00:00.874784,0.858254
160056,200,https://compras.dados.gov.br/licitacoes/v1/licitacoes.csv?uasg=160056            ,12/12/2022 04:25:39,12/12/2022 04:25:47,0:00:07.994177,7.954418
167211,200,https://compras.dados.gov.br/licitacoes/v1/licitacoes.csv?uasg=167211            ,12/12/2022 04:26:49,12/12/2022 04:26:50,0:00:01.028729,1.022485
160211,200,https://compras.dados.gov.br/licitacoes/v1/licitacoes.csv?uasg=160211            ,12/12/2022 04:27:02,12/12/2022 04:27:20,0:00:17.389239,17.325924
160003,200,https://compras.dados.gov.br/licitacoes/v1/licitacoes.csv?uasg=160003            ,12/12/2022 04:27:46,12/12/2022 04:27:46,0:00:00.680998,0.644997
160455,200,https://compras.dados.gov.br/licitacoes/v1/licitacoes.csv?uasg=160455            ,12/12/2022 04:28:00,12/12/2022 04:28:07,0:00:07.773459,7.730532
167512,200,https://compras.dados.gov.br/licitacoes/v1/licitacoes.csv?uasg=167512            ,12/12/2022 04:29:02,12/12/2022 04:29:02,0:00:00.157607,0.151586
273037,200,https://compras.dados.gov.br/licitacoes/v1/licitacoes.csv?uasg=273037            ,12/12/2022 04:29:15,12/12/2022 04:29:15,0:00:00.171292,0.145721
160271,200,https://compras.dados.gov.br/licitacoes/v1/licitacoes.csv?uasg=160271            ,12/12/2022 04:29:40,12/12/2022 04:29:40,0:00:00.633486,0.59806
160187,200,https://compras.dados.gov.br/licitacoes/v1/licitacoes.csv?uasg=160187            ,12/12/2022 04:29:54,12/12/2022 04:29:54,0:00:00.151194,0.142311
160272,200,https://compras.dados.gov.br/licitacoes/v1/licitacoes.csv?uasg=160272            ,12/12/2022 04:31:00,12/12/2022 04:31:10,0:00:09.185329,9.148561
160494,200,https://compras.dados.gov.br/licitacoes/v1/licitacoes.csv?uasg=160494            ,12/12/2022 04:31:23,12/12/2022 04:31:28,0:00:04.577368,4.536783
343033,200,https://compras.dados.gov.br/licitacoes/v1/licitacoes.csv?uasg=343033            ,12/12/2022 04:32:46,12/12/2022 04:32:51,0:00:04.620013,4.596185
167547,200,https://compras.dados.gov.br/licitacoes/v1/licitacoes.csv?uasg=167547            ,12/12/2022 04:33:04,12/12/2022 04:33:04,0:00:00.124229,0.114747
160456,200,https://compras.dados.gov.br/licitacoes/v1/licitacoes.csv?uasg=160456            ,12/12/2022 04:33:17,12/12/2022 04:33:22,0:00:05.068773,5.027002
160436,200,https://compras.dados.gov.br/licitacoes/v1/licitacoes.csv?uasg=160436            ,12/12/2022 04:34:29,12/12/2022 04:34:38,0:00:09.001335,8.968631
160476,200,https://compras.dados.gov.br/licitacoes/v1/licitacoes.csv?uasg=160476            ,12/12/2022 04:34:52,12/12/2022 04:35:02,0:00:10.324578,10.233062
160547,200,https://compras.dados.gov.br/licitacoes/v1/licitacoes.csv?uasg=160547            ,12/12/2022 04:35:27,12/12/2022 04:35:54,0:00:26.854859,26.817246
273088,200,https://compras.dados.gov.br/licitacoes/v1/licitacoes.csv?uasg=273088            ,12/12/2022 04:36:08,12/12/2022 04:36:13,0:00:05.032582,5.024154
160044,200,https://compras.dados.gov.br/licitacoes/v1/licitacoes.csv?uasg=160044            ,12/12/2022 04:36:38,12/12/2022 04:36:49,0:00:10.977341,10.93283
167440,200,https://compras.dados.gov.br/licitacoes/v1/licitacoes.csv?uasg=167440            ,12/12/2022 04:37:02,12/12/2022 04:37:03,0:00:00.578724,0.543992
160440,200,https://compras.dados.gov.br/licitacoes/v1/licitacoes.csv?uasg=160440            ,12/12/2022 04:37:16,12/12/2022 04:37:23,0:00:06.769293,6.735559
167101,200,https://compras.dados.gov.br/licitacoes/v1/licitacoes.csv?uasg=167101            ,12/12/2022 04:38:30,12/12/2022 04:38:36,0:00:06.494720,6.453584
160081,200,https://compras.dados.gov.br/licitacoes/v1/licitacoes.csv?uasg=160081            ,12/12/2022 04:39:31,12/12/2022 04:39:42,0:00:10.197794,10.15729
167273,200,https://compras.dados.gov.br/licitacoes/v1/licitacoes.csv?uasg=167273            ,12/12/2022 04:40:27,12/12/2022 04:40:33,0:00:05.597518,5.578575
160273,200,https://compras.dados.gov.br/licitacoes/v1/licitacoes.csv?uasg=160273            ,12/12/2022 04:40:46,12/12/2022 04:40:51,0:00:04.674221,4.634647
167105,200,https://compras.dados.gov.br/licitacoes/v1/licitacoes.csv?uasg=167105            ,12/12/2022 04:41:04,12/12/2022 04:41:12,0:00:07.354337,7.329447
167204,200,https://compras.dados.gov.br/licitacoes/v1/licitacoes.csv?uasg=167204            ,12/12/2022 04:42:18,12/12/2022 04:42:19,0:00:00.403418,0.38374
160204,200,https://compras.dados.gov.br/licitacoes/v1/licitacoes.csv?uasg=160204            ,12/12/2022 04:42:33,12/12/2022 04:42:51,0:00:18.831486,18.74182
167274,200,https://compras.dados.gov.br/licitacoes/v1/licitacoes.csv?uasg=167274            ,12/12/2022 04:43:05,12/12/2022 04:43:05,0:00:00.186326,0.180433
160274,200,https://compras.dados.gov.br/licitacoes/v1/licitacoes.csv?uasg=160274            ,12/12/2022 04:43:18,12/12/2022 04:43:27,0:00:08.512689,8.455649
160205,200,https://compras.dados.gov.br/licitacoes/v1/licitacoes.csv?uasg=160205            ,12/12/2022 04:44:40,12/12/2022 04:44:47,0:00:06.691811,6.657426
167228,200,https://compras.dados.gov.br/licitacoes/v1/licitacoes.csv?uasg=167228            ,12/12/2022 04:45:12,12/12/2022 04:45:13,0:00:00.233574,0.220421
160228,200,https://compras.dados.gov.br/licitacoes/v1/licitacoes.csv?uasg=160228            ,12/12/2022 04:45:26,12/12/2022 04:45:40,0:00:13.694808,13.602494
160212,200,https://compras.dados.gov.br/licitacoes/v1/licitacoes.csv?uasg=160212            ,12/12/2022 04:45:53,12/12/2022 04:46:10,0:00:17.138878,17.052282
167104,200,https://compras.dados.gov.br/licitacoes/v1/licitacoes.csv?uasg=167104            ,12/12/2022 04:46:36,12/12/2022 04:46:36,0:00:00.087052,0.081006
160375,200,https://compras.dados.gov.br/licitacoes/v1/licitacoes.csv?uasg=160375            ,12/12/2022 04:47:01,12/12/2022 04:47:24,0:00:23.385544,23.284965
160465,200,https://compras.dados.gov.br/licitacoes/v1/licitacoes.csv?uasg=160465            ,12/12/2022 04:47:53,12/12/2022 04:48:01,0:00:08.468303,8.436579
160162,200,https://compras.dados.gov.br/licitacoes/v1/licitacoes.csv?uasg=160162            ,12/12/2022 04:49:21,12/12/2022 04:49:22,0:00:01.127177,1.089847
167441,200,https://compras.dados.gov.br/licitacoes/v1/licitacoes.csv?uasg=167441            ,12/12/2022 04:49:35,12/12/2022 04:49:36,0:00:00.441566,0.434689
160441,200,https://compras.dados.gov.br/licitacoes/v1/licitacoes.csv?uasg=160441            ,12/12/2022 04:49:49,12/12/2022 04:49:55,0:00:05.654569,5.569594
160407,200,https://compras.dados.gov.br/licitacoes/v1/licitacoes.csv?uasg=160407            ,12/12/2022 04:50:20,12/12/2022 04:50:30,0:00:09.837279,9.797545
160010,200,https://compras.dados.gov.br/licitacoes/v1/licitacoes.csv?uasg=160010            ,12/12/2022 04:50:55,12/12/2022 04:50:56,0:00:01.020177,0.980454
167371,200,https://compras.dados.gov.br/licitacoes/v1/licitacoes.csv?uasg=167371            ,12/12/2022 04:51:10,12/12/2022 04:51:10,0:00:00.550674,0.509656
160371,200,https://compras.dados.gov.br/licitacoes/v1/licitacoes.csv?uasg=160371            ,12/12/2022 04:51:24,12/12/2022 04:51:27,0:00:02.597382,2.560169
240002,200,https://compras.dados.gov.br/licitacoes/v1/licitacoes.csv?uasg=240002            ,12/12/2022 04:51:52,12/12/2022 04:51:53,0:00:00.158187,0.149514
167385,200,https://compras.dados.gov.br/licitacoes/v1/licitacoes.csv?uasg=167385            ,12/12/2022 04:52:06,12/12/2022 04:52:06,0:00:00.178166,0.171818
160385,200,https://compras.dados.gov.br/licitacoes/v1/licitacoes.csv?uasg=160385            ,12/12/2022 04:52:19,12/12/2022 04:52:25,0:00:05.915036,5.87126
160367,200,https://compras.dados.gov.br/licitacoes/v1/licitacoes.csv?uasg=160367            ,12/12/2022 04:53:22,12/12/2022 04:53:28,0:00:06.488480,6.454418
160337,200,https://compras.dados.gov.br/licitacoes/v1/licitacoes.csv?uasg=160337            ,12/12/2022 04:54:47,12/12/2022 04:54:47,0:00:00.456877,0.423027
167386,200,https://compras.dados.gov.br/licitacoes/v1/licitacoes.csv?uasg=167386            ,12/12/2022 04:55:01,12/12/2022 04:55:01,0:00:00.096227,0.090212
160386,200,https://compras.dados.gov.br/licitacoes/v1/licitacoes.csv?uasg=160386            ,12/12/2022 04:55:14,12/12/2022 04:55:19,0:00:04.146424,4.110579
160368,200,https://compras.dados.gov.br/licitacoes/v1/licitacoes.csv?uasg=160368            ,12/12/2022 04:55:44,12/12/2022 04:55:48,0:00:04.110740,4.066673
160362,200,https://compras.dados.gov.br/licitacoes/v1/licitacoes.csv?uasg=160362            ,12/12/2022 04:56:14,12/12/2022 04:56:35,0:00:21.329648,21.281667
160486,200,https://compras.dados.gov.br/licitacoes/v1/licitacoes.csv?uasg=160486            ,12/12/2022 04:56:49,12/12/2022 04:56:51,0:00:01.883541,1.838883
160517,200,https://compras.dados.gov.br/licitacoes/v1/licitacoes.csv?uasg=160517            ,12/12/2022 04:59:21,12/12/2022 04:59:27,0:00:05.756117,5.713512
167517,200,https://compras.dados.gov.br/licitacoes/v1/licitacoes.csv?uasg=167517            ,12/12/2022 04:59:41,12/12/2022 04:59:41,0:00:00.296576,0.27975
160057,200,https://compras.dados.gov.br/licitacoes/v1/licitacoes.csv?uasg=160057            ,12/12/2022 05:00:07,12/12/2022 05:00:11,0:00:04.755643,4.710571
160369,200,https://compras.dados.gov.br/licitacoes/v1/licitacoes.csv?uasg=160369            ,12/12/2022 05:00:48,12/12/2022 05:00:51,0:00:02.105108,2.069164
160409,200,https://compras.dados.gov.br/licitacoes/v1/licitacoes.csv?uasg=160409            ,12/12/2022 05:01:16,12/12/2022 05:01:22,0:00:05.206209,5.165923
167387,200,https://compras.dados.gov.br/licitacoes/v1/licitacoes.csv?uasg=167387            ,12/12/2022 05:01:36,12/12/2022 05:01:36,0:00:00.081825,0.076105
160388,200,https://compras.dados.gov.br/licitacoes/v1/licitacoes.csv?uasg=160388            ,12/12/2022 05:03:13,12/12/2022 05:03:24,0:00:10.960966,10.922496
160363,200,https://compras.dados.gov.br/licitacoes/v1/licitacoes.csv?uasg=160363            ,12/12/2022 05:03:50,12/12/2022 05:03:52,0:00:02.356940,2.32137
160137,200,https://compras.dados.gov.br/licitacoes/v1/licitacoes.csv?uasg=160137            ,12/12/2022 05:05:23,12/12/2022 05:05:24,0:00:01.437254,1.389599
926012,200,https://compras.dados.gov.br/licitacoes/v1/licitacoes.csv?uasg=926012            ,12/12/2022 05:06:55,12/12/2022 05:06:57,0:00:01.454722,1.416015
160207,200,https://compras.dados.gov.br/licitacoes/v1/licitacoes.csv?uasg=160207            ,12/12/2022 05:07:23,12/12/2022 05:07:29,0:00:06.442419,6.395545
160206,200,https://compras.dados.gov.br/licitacoes/v1/licitacoes.csv?uasg=160206            ,12/12/2022 05:08:06,12/12/2022 05:08:20,0:00:13.808851,13.783114
160347,200,https://compras.dados.gov.br/licitacoes/v1/licitacoes.csv?uasg=160347            ,12/12/2022 05:08:58,12/12/2022 05:08:59,0:00:00.930807,0.886619
160277,200,https://compras.dados.gov.br/licitacoes/v1/licitacoes.csv?uasg=160277            ,12/12/2022 05:09:24,12/12/2022 05:09:25,0:00:00.883759,0.836091
167058,200,https://compras.dados.gov.br/licitacoes/v1/licitacoes.csv?uasg=167058            ,12/12/2022 05:09:39,12/12/2022 05:09:39,0:00:00.094640,0.088749
160058,200,https://compras.dados.gov.br/licitacoes/v1/licitacoes.csv?uasg=160058            ,12/12/2022 05:09:53,12/12/2022 05:09:58,0:00:05.043096,5.013702
160247,200,https://compras.dados.gov.br/licitacoes/v1/licitacoes.csv?uasg=160247            ,12/12/2022 05:10:25,12/12/2022 05:10:33,0:00:07.878934,7.836912
160208,200,https://compras.dados.gov.br/licitacoes/v1/licitacoes.csv?uasg=160208            ,12/12/2022 05:10:47,12/12/2022 05:10:53,0:00:05.602114,5.565862
167226,200,https://compras.dados.gov.br/licitacoes/v1/licitacoes.csv?uasg=167226            ,12/12/2022 05:11:42,12/12/2022 05:11:43,0:00:00.198268,0.175476
160226,200,https://compras.dados.gov.br/licitacoes/v1/licitacoes.csv?uasg=160226            ,12/12/2022 05:11:56,12/12/2022 05:12:24,0:00:27.465720,27.432238
160028,200,https://compras.dados.gov.br/licitacoes/v1/licitacoes.csv?uasg=160028            ,12/12/2022 05:12:50,12/12/2022 05:13:00,0:00:10.074024,10.040457
167130,200,https://compras.dados.gov.br/licitacoes/v1/licitacoes.csv?uasg=167130            ,12/12/2022 05:13:14,12/12/2022 05:13:14,0:00:00.135120,0.128779
160471,200,https://compras.dados.gov.br/licitacoes/v1/licitacoes.csv?uasg=160471            ,12/12/2022 05:14:10,12/12/2022 05:14:22,0:00:12.287525,12.248283
167471,200,https://compras.dados.gov.br/licitacoes/v1/licitacoes.csv?uasg=167471            ,12/12/2022 05:14:36,12/12/2022 05:14:36,0:00:00.088378,0.082463
167093,200,https://compras.dados.gov.br/licitacoes/v1/licitacoes.csv?uasg=167093            ,12/12/2022 05:15:02,12/12/2022 05:15:02,0:00:00.457193,0.426358
160144,200,https://compras.dados.gov.br/licitacoes/v1/licitacoes.csv?uasg=160144            ,12/12/2022 05:16:10,12/12/2022 05:16:12,0:00:02.716393,2.67477
160188,200,https://compras.dados.gov.br/licitacoes/v1/licitacoes.csv?uasg=160188            ,12/12/2022 05:17:08,12/12/2022 05:17:10,0:00:02.113608,2.068817
160113,200,https://compras.dados.gov.br/licitacoes/v1/licitacoes.csv?uasg=160113            ,12/12/2022 05:17:48,12/12/2022 05:18:06,0:00:18.180506,18.142864
160475,200,https://compras.dados.gov.br/licitacoes/v1/licitacoes.csv?uasg=160475            ,12/12/2022 05:19:44,12/12/2022 05:19:44,0:00:00.531839,0.421845
167475,200,https://compras.dados.gov.br/licitacoes/v1/licitacoes.csv?uasg=167475            ,12/12/2022 05:19:59,12/12/2022 05:19:59,0:00:00.166345,0.15817
160180,200,https://compras.dados.gov.br/licitacoes/v1/licitacoes.csv?uasg=160180            ,12/12/2022 05:20:55,12/12/2022 05:20:56,0:00:01.346127,1.309094
160410,200,https://compras.dados.gov.br/licitacoes/v1/licitacoes.csv?uasg=160410            ,12/12/2022 05:21:22,12/12/2022 05:21:39,0:00:17.603726,17.560347
160485,200,https://compras.dados.gov.br/licitacoes/v1/licitacoes.csv?uasg=160485            ,12/12/2022 05:21:54,12/12/2022 05:21:54,0:00:00.125509,0.119325
167109,200,https://compras.dados.gov.br/licitacoes/v1/licitacoes.csv?uasg=167109            ,12/12/2022 05:22:50,12/12/2022 05:22:50,0:00:00.156081,0.14658
160109,200,https://compras.dados.gov.br/licitacoes/v1/licitacoes.csv?uasg=160109            ,12/12/2022 05:23:03,12/12/2022 05:23:05,0:00:01.844660,1.806335
167011,200,https://compras.dados.gov.br/licitacoes/v1/licitacoes.csv?uasg=167011            ,12/12/2022 05:24:01,12/12/2022 05:24:02,0:00:00.766104,0.759893
160007,200,https://compras.dados.gov.br/licitacoes/v1/licitacoes.csv?uasg=160007            ,12/12/2022 05:24:58,12/12/2022 05:25:09,0:00:11.684980,11.636387
167007,200,https://compras.dados.gov.br/licitacoes/v1/licitacoes.csv?uasg=167007            ,12/12/2022 05:25:23,12/12/2022 05:25:24,0:00:00.216651,0.2057
160125,200,https://compras.dados.gov.br/licitacoes/v1/licitacoes.csv?uasg=160125            ,12/12/2022 05:25:53,12/12/2022 05:26:03,0:00:10.129326,10.090395
160127,200,https://compras.dados.gov.br/licitacoes/v1/licitacoes.csv?uasg=160127            ,12/12/2022 05:26:18,12/12/2022 05:26:30,0:00:12.107921,12.073231
160117,200,https://compras.dados.gov.br/licitacoes/v1/licitacoes.csv?uasg=160117            ,12/12/2022 05:27:39,12/12/2022 05:27:42,0:00:02.927196,2.890325
160404,200,https://compras.dados.gov.br/licitacoes/v1/licitacoes.csv?uasg=160404            ,12/12/2022 05:27:56,12/12/2022 05:28:10,0:00:13.494564,13.368322
167404,200,https://compras.dados.gov.br/licitacoes/v1/licitacoes.csv?uasg=167404            ,12/12/2022 05:28:24,12/12/2022 05:28:29,0:00:04.353723,4.345927
160120,200,https://compras.dados.gov.br/licitacoes/v1/licitacoes.csv?uasg=160120            ,12/12/2022 05:30:22,12/12/2022 05:30:40,0:00:17.675440,17.635746
160474,200,https://compras.dados.gov.br/licitacoes/v1/licitacoes.csv?uasg=160474            ,12/12/2022 05:32:02,12/12/2022 05:32:07,0:00:04.830997,4.791151
926050,200,https://compras.dados.gov.br/licitacoes/v1/licitacoes.csv?uasg=926050            ,12/12/2022 05:32:54,12/12/2022 05:32:58,0:00:03.920650,3.878717
160041,200,https://compras.dados.gov.br/licitacoes/v1/licitacoes.csv?uasg=160041            ,12/12/2022 05:33:24,12/12/2022 05:33:40,0:00:15.326211,15.29264
167102,200,https://compras.dados.gov.br/licitacoes/v1/licitacoes.csv?uasg=167102            ,12/12/2022 05:33:55,12/12/2022 05:33:55,0:00:00.561455,0.527743
160097,200,https://compras.dados.gov.br/licitacoes/v1/licitacoes.csv?uasg=160097            ,12/12/2022 05:35:03,12/12/2022 05:35:04,0:00:01.164806,1.129936
195012,200,https://compras.dados.gov.br/licitacoes/v1/licitacoes.csv?uasg=195012            ,12/12/2022 05:35:19,12/12/2022 05:35:21,0:00:02.196744,2.141159
160096,200,https://compras.dados.gov.br/licitacoes/v1/licitacoes.csv?uasg=160096            ,12/12/2022 05:35:47,12/12/2022 05:35:48,0:00:00.786156,0.696335
167156,200,https://compras.dados.gov.br/licitacoes/v1/licitacoes.csv?uasg=167156            ,12/12/2022 05:36:02,12/12/2022 05:36:03,0:00:00.175595,0.160762
160156,200,https://compras.dados.gov.br/licitacoes/v1/licitacoes.csv?uasg=160156            ,12/12/2022 05:36:17,12/12/2022 05:36:21,0:00:03.793637,3.705571
167147,200,https://compras.dados.gov.br/licitacoes/v1/licitacoes.csv?uasg=167147            ,12/12/2022 05:36:35,12/12/2022 05:36:35,0:00:00.095333,0.089459
160147,200,https://compras.dados.gov.br/licitacoes/v1/licitacoes.csv?uasg=160147            ,12/12/2022 05:36:49,12/12/2022 05:36:56,0:00:06.330338,6.294726
160448,200,https://compras.dados.gov.br/licitacoes/v1/licitacoes.csv?uasg=160448            ,12/12/2022 05:37:10,12/12/2022 05:37:35,0:00:25.151968,25.116474
167348,200,https://compras.dados.gov.br/licitacoes/v1/licitacoes.csv?uasg=167348            ,12/12/2022 05:38:02,12/12/2022 05:38:02,0:00:00.084034,0.078244
160472,200,https://compras.dados.gov.br/licitacoes/v1/licitacoes.csv?uasg=160472            ,12/12/2022 05:38:58,12/12/2022 05:39:10,0:00:12.126999,12.092375
167472,200,https://compras.dados.gov.br/licitacoes/v1/licitacoes.csv?uasg=167472            ,12/12/2022 05:39:25,12/12/2022 05:39:25,0:00:00.100260,0.092422
160213,200,https://compras.dados.gov.br/licitacoes/v1/licitacoes.csv?uasg=160213            ,12/12/2022 05:39:39,12/12/2022 05:39:44,0:00:05.239571,5.19585
160480,200,https://compras.dados.gov.br/licitacoes/v1/licitacoes.csv?uasg=160480            ,12/12/2022 05:40:10,12/12/2022 05:40:11,0:00:00.647215,0.605961
160214,200,https://compras.dados.gov.br/licitacoes/v1/licitacoes.csv?uasg=160214            ,12/12/2022 05:40:49,12/12/2022 05:40:50,0:00:01.554910,1.514912
167278,200,https://compras.dados.gov.br/licitacoes/v1/licitacoes.csv?uasg=167278            ,12/12/2022 05:41:05,12/12/2022 05:41:05,0:00:00.151046,0.145084
160216,200,https://compras.dados.gov.br/licitacoes/v1/licitacoes.csv?uasg=160216            ,12/12/2022 05:41:19,12/12/2022 05:41:24,0:00:04.825098,4.727144
167216,200,https://compras.dados.gov.br/licitacoes/v1/licitacoes.csv?uasg=167216            ,12/12/2022 05:41:39,12/12/2022 05:41:39,0:00:00.184751,0.175814
167217,200,https://compras.dados.gov.br/licitacoes/v1/licitacoes.csv?uasg=167217            ,12/12/2022 05:41:53,12/12/2022 05:41:53,0:00:00.144321,0.138457
160217,200,https://compras.dados.gov.br/licitacoes/v1/licitacoes.csv?uasg=160217            ,12/12/2022 05:42:07,12/12/2022 05:42:12,0:00:04.802868,4.761899
160234,200,https://compras.dados.gov.br/licitacoes/v1/licitacoes.csv?uasg=160234            ,12/12/2022 05:42:26,12/12/2022 05:42:48,0:00:21.146132,21.10326
167401,200,https://compras.dados.gov.br/licitacoes/v1/licitacoes.csv?uasg=167401            ,12/12/2022 05:43:14,12/12/2022 05:43:14,0:00:00.236382,0.22468
160401,200,https://compras.dados.gov.br/licitacoes/v1/licitacoes.csv?uasg=160401            ,12/12/2022 05:43:28,12/12/2022 05:43:57,0:00:28.744540,28.648036
160222,200,https://compras.dados.gov.br/licitacoes/v1/licitacoes.csv?uasg=160222            ,12/12/2022 05:44:12,12/12/2022 05:44:32,0:00:19.884363,19.794439
160233,200,https://compras.dados.gov.br/licitacoes/v1/licitacoes.csv?uasg=160233            ,12/12/2022 05:45:28,12/12/2022 05:45:40,0:00:11.468589,11.433654
160278,200,https://compras.dados.gov.br/licitacoes/v1/licitacoes.csv?uasg=160278            ,12/12/2022 05:45:55,12/12/2022 05:45:56,0:00:00.817651,0.775054
926576,200,https://compras.dados.gov.br/licitacoes/v1/licitacoes.csv?uasg=926576            ,12/12/2022 05:46:35,12/12/2022 05:46:35,0:00:00.162643,0.155052
167103,200,https://compras.dados.gov.br/licitacoes/v1/licitacoes.csv?uasg=167103            ,12/12/2022 05:47:13,12/12/2022 05:47:14,0:00:00.279850,0.26174
160103,200,https://compras.dados.gov.br/licitacoes/v1/licitacoes.csv?uasg=160103            ,12/12/2022 05:47:28,12/12/2022 05:47:52,0:00:24.165970,24.109079
160160,200,https://compras.dados.gov.br/licitacoes/v1/licitacoes.csv?uasg=160160            ,12/12/2022 05:48:19,12/12/2022 05:48:26,0:00:07.516833,7.476053
160169,200,https://compras.dados.gov.br/licitacoes/v1/licitacoes.csv?uasg=160169            ,12/12/2022 05:48:41,12/12/2022 05:48:43,0:00:01.864675,1.828681
167167,200,https://compras.dados.gov.br/licitacoes/v1/licitacoes.csv?uasg=167167            ,12/12/2022 05:50:27,12/12/2022 05:50:27,0:00:00.230576,0.213937
160167,200,https://compras.dados.gov.br/licitacoes/v1/licitacoes.csv?uasg=160167            ,12/12/2022 05:50:41,12/12/2022 05:50:44,0:00:02.382933,2.337074
167005,200,https://compras.dados.gov.br/licitacoes/v1/licitacoes.csv?uasg=167005            ,12/12/2022 05:51:00,12/12/2022 05:51:01,0:00:01.119151,1.081206
160005,200,https://compras.dados.gov.br/licitacoes/v1/licitacoes.csv?uasg=160005            ,12/12/2022 05:51:16,12/12/2022 05:51:39,0:00:23.059678,23.016134
160122,200,https://compras.dados.gov.br/licitacoes/v1/licitacoes.csv?uasg=160122            ,12/12/2022 05:51:54,12/12/2022 05:52:08,0:00:13.927575,13.862706
160279,200,https://compras.dados.gov.br/licitacoes/v1/licitacoes.csv?uasg=160279            ,12/12/2022 05:52:46,12/12/2022 05:52:48,0:00:01.381428,1.343507
160095,200,https://compras.dados.gov.br/licitacoes/v1/licitacoes.csv?uasg=160095            ,12/12/2022 05:53:44,12/12/2022 05:54:06,0:00:21.594385,21.550004
160004,200,https://compras.dados.gov.br/licitacoes/v1/licitacoes.csv?uasg=160004            ,12/12/2022 05:54:32,12/12/2022 05:54:58,0:00:25.481879,25.440466
167360,200,https://compras.dados.gov.br/licitacoes/v1/licitacoes.csv?uasg=167360            ,12/12/2022 05:55:13,12/12/2022 05:55:13,0:00:00.142045,0.135902
160360,200,https://compras.dados.gov.br/licitacoes/v1/licitacoes.csv?uasg=160360            ,12/12/2022 05:55:27,12/12/2022 05:55:30,0:00:02.834864,2.799441
160402,200,https://compras.dados.gov.br/licitacoes/v1/licitacoes.csv?uasg=160402            ,12/12/2022 05:55:45,12/12/2022 05:56:06,0:00:20.668273,20.565577
160353,200,https://compras.dados.gov.br/licitacoes/v1/licitacoes.csv?uasg=160353            ,12/12/2022 05:57:15,12/12/2022 05:57:37,0:00:22.375153,22.329714
160460,200,https://compras.dados.gov.br/licitacoes/v1/licitacoes.csv?uasg=160460            ,12/12/2022 05:57:52,12/12/2022 05:57:53,0:00:01.022027,0.973245
167403,200,https://compras.dados.gov.br/licitacoes/v1/licitacoes.csv?uasg=167403            ,12/12/2022 05:58:20,12/12/2022 05:58:20,0:00:00.164088,0.155831
160403,200,https://compras.dados.gov.br/licitacoes/v1/licitacoes.csv?uasg=160403            ,12/12/2022 05:58:34,12/12/2022 05:58:47,0:00:12.329969,12.291187
160479,200,https://compras.dados.gov.br/licitacoes/v1/licitacoes.csv?uasg=160479            ,12/12/2022 05:59:02,12/12/2022 05:59:27,0:00:25.096103,25.061819
167358,200,https://compras.dados.gov.br/licitacoes/v1/licitacoes.csv?uasg=167358            ,12/12/2022 05:59:54,12/12/2022 05:59:54,0:00:00.258932,0.241454
160358,200,https://compras.dados.gov.br/licitacoes/v1/licitacoes.csv?uasg=160358            ,12/12/2022 06:00:09,12/12/2022 06:00:12,0:00:03.809867,3.77249
160038,200,https://compras.dados.gov.br/licitacoes/v1/licitacoes.csv?uasg=160038            ,12/12/2022 06:00:38,12/12/2022 06:00:52,0:00:13.569031,13.534451
160034,200,https://compras.dados.gov.br/licitacoes/v1/licitacoes.csv?uasg=160034            ,12/12/2022 06:01:30,12/12/2022 06:01:41,0:00:10.216374,10.167789
160536,200,https://compras.dados.gov.br/licitacoes/v1/licitacoes.csv?uasg=160536            ,12/12/2022 06:02:20,12/12/2022 06:02:43,0:00:22.810966,22.752863
160443,200,https://compras.dados.gov.br/licitacoes/v1/licitacoes.csv?uasg=160443            ,12/12/2022 06:04:33,12/12/2022 06:04:35,0:00:02.153433,2.116818
160343,200,https://compras.dados.gov.br/licitacoes/v1/licitacoes.csv?uasg=160343            ,12/12/2022 06:05:44,12/12/2022 06:05:54,0:00:09.766887,9.729148
160181,200,https://compras.dados.gov.br/licitacoes/v1/licitacoes.csv?uasg=160181            ,12/12/2022 06:10:14,12/12/2022 06:10:16,0:00:02.687656,2.618023
160435,200,https://compras.dados.gov.br/licitacoes/v1/licitacoes.csv?uasg=160435            ,12/12/2022 06:10:43,12/12/2022 06:10:50,0:00:06.921953,6.888549
160198,200,https://compras.dados.gov.br/licitacoes/v1/licitacoes.csv?uasg=160198            ,12/12/2022 06:11:05,12/12/2022 06:11:10,0:00:04.492310,4.448212
160182,200,https://compras.dados.gov.br/licitacoes/v1/licitacoes.csv?uasg=160182            ,12/12/2022 06:12:19,12/12/2022 06:12:22,0:00:02.958584,2.919881
167177,200,https://compras.dados.gov.br/licitacoes/v1/licitacoes.csv?uasg=167177            ,12/12/2022 06:14:12,12/12/2022 06:14:14,0:00:02.443598,2.405612
160177,200,https://compras.dados.gov.br/licitacoes/v1/licitacoes.csv?uasg=160177            ,12/12/2022 06:14:30,12/12/2022 06:14:43,0:00:13.757941,13.710687
167183,200,https://compras.dados.gov.br/licitacoes/v1/licitacoes.csv?uasg=167183            ,12/12/2022 06:15:41,12/12/2022 06:15:41,0:00:00.075627,0.069718
160405,200,https://compras.dados.gov.br/licitacoes/v1/licitacoes.csv?uasg=160405            ,12/12/2022 06:17:06,12/12/2022 06:17:11,0:00:04.247297,4.213123
167389,200,https://compras.dados.gov.br/licitacoes/v1/licitacoes.csv?uasg=167389            ,12/12/2022 06:17:25,12/12/2022 06:17:28,0:00:02.820895,2.81467
160390,200,https://compras.dados.gov.br/licitacoes/v1/licitacoes.csv?uasg=160390            ,12/12/2022 06:18:37,12/12/2022 06:18:38,0:00:01.352462,1.335428
167377,200,https://compras.dados.gov.br/licitacoes/v1/licitacoes.csv?uasg=167377            ,12/12/2022 06:18:53,12/12/2022 06:18:56,0:00:03.021555,3.015355
160377,200,https://compras.dados.gov.br/licitacoes/v1/licitacoes.csv?uasg=160377            ,12/12/2022 06:19:11,12/12/2022 06:19:14,0:00:03.757550,3.719771
160243,200,https://compras.dados.gov.br/licitacoes/v1/licitacoes.csv?uasg=160243            ,12/12/2022 06:19:43,12/12/2022 06:19:45,0:00:02.002165,1.968717
160437,200,https://compras.dados.gov.br/licitacoes/v1/licitacoes.csv?uasg=160437            ,12/12/2022 06:20:16,12/12/2022 06:20:29,0:00:12.913871,12.876028
160165,200,https://compras.dados.gov.br/licitacoes/v1/licitacoes.csv?uasg=160165            ,12/12/2022 06:20:44,12/12/2022 06:21:07,0:00:23.197764,23.112709
926009,200,https://compras.dados.gov.br/licitacoes/v1/licitacoes.csv?uasg=926009            ,12/12/2022 06:22:04,12/12/2022 06:22:04,0:00:00.130498,0.117604
160157,200,https://compras.dados.gov.br/licitacoes/v1/licitacoes.csv?uasg=160157            ,12/12/2022 06:23:00,12/12/2022 06:23:30,0:00:29.775080,29.669646
167379,200,https://compras.dados.gov.br/licitacoes/v1/licitacoes.csv?uasg=167379            ,12/12/2022 06:23:46,12/12/2022 06:23:47,0:00:01.809660,1.803454
160379,200,https://compras.dados.gov.br/licitacoes/v1/licitacoes.csv?uasg=160379            ,12/12/2022 06:24:02,12/12/2022 06:24:25,0:00:22.617292,22.582836
167151,200,https://compras.dados.gov.br/licitacoes/v1/licitacoes.csv?uasg=167151            ,12/12/2022 06:25:33,12/12/2022 06:25:38,0:00:04.428787,4.419974
160430,200,https://compras.dados.gov.br/licitacoes/v1/licitacoes.csv?uasg=160430            ,12/12/2022 06:26:04,12/12/2022 06:26:14,0:00:10.038726,9.99783
160240,200,https://compras.dados.gov.br/licitacoes/v1/licitacoes.csv?uasg=160240            ,12/12/2022 06:26:56,12/12/2022 06:27:23,0:00:26.918688,26.882169
160513,200,https://compras.dados.gov.br/licitacoes/v1/licitacoes.csv?uasg=160513            ,12/12/2022 06:27:39,12/12/2022 06:28:01,0:00:21.974001,21.931905
926005,200,https://compras.dados.gov.br/licitacoes/v1/licitacoes.csv?uasg=926005            ,12/12/2022 06:28:40,12/12/2022 06:28:44,0:00:03.288810,3.242203
160136,200,https://compras.dados.gov.br/licitacoes/v1/licitacoes.csv?uasg=160136            ,12/12/2022 06:28:59,12/12/2022 06:29:09,0:00:09.977551,9.943968
925258,200,https://compras.dados.gov.br/licitacoes/v1/licitacoes.csv?uasg=925258            ,12/12/2022 06:29:53,12/12/2022 06:29:56,0:00:03.391789,3.357134
120060,200,https://compras.dados.gov.br/licitacoes/v1/licitacoes.csv?uasg=120060            ,12/12/2022 06:30:12,12/12/2022 06:30:35,0:00:22.885816,22.841463
160249,200,https://compras.dados.gov.br/licitacoes/v1/licitacoes.csv?uasg=160249            ,12/12/2022 06:32:04,12/12/2022 06:32:30,0:00:25.962046,25.919501
928809,200,https://compras.dados.gov.br/licitacoes/v1/licitacoes.csv?uasg=928809            ,12/12/2022 06:34:21,12/12/2022 06:34:21,0:00:00.486618,0.471723
925261,200,https://compras.dados.gov.br/licitacoes/v1/licitacoes.csv?uasg=925261            ,12/12/2022 06:34:36,12/12/2022 06:34:36,0:00:00.226540,0.220255
390078,200,https://compras.dados.gov.br/licitacoes/v1/licitacoes.csv?uasg=390078            ,12/12/2022 06:35:03,12/12/2022 06:35:03,0:00:00.102180,0.096274
926022,200,https://compras.dados.gov.br/licitacoes/v1/licitacoes.csv?uasg=926022            ,12/12/2022 06:35:18,12/12/2022 06:35:18,0:00:00.104468,0.094689
390074,200,https://compras.dados.gov.br/licitacoes/v1/licitacoes.csv?uasg=390074            ,12/12/2022 06:35:33,12/12/2022 06:35:33,0:00:00.232374,0.225722
390077,200,https://compras.dados.gov.br/licitacoes/v1/licitacoes.csv?uasg=390077            ,12/12/2022 06:35:48,12/12/2022 06:35:48,0:00:00.470446,0.430268
390079,200,https://compras.dados.gov.br/licitacoes/v1/licitacoes.csv?uasg=390079            ,12/12/2022 06:36:03,12/12/2022 06:36:03,0:00:00.541843,0.508126
926004,200,https://compras.dados.gov.br/licitacoes/v1/licitacoes.csv?uasg=926004            ,12/12/2022 06:36:54,12/12/2022 06:36:55,0:00:00.186077,0.171258
275010,200,https://compras.dados.gov.br/licitacoes/v1/licitacoes.csv?uasg=275010            ,12/12/2022 06:37:51,12/12/2022 06:37:52,0:00:00.146100,0.139228
275025,200,https://compras.dados.gov.br/licitacoes/v1/licitacoes.csv?uasg=275025            ,12/12/2022 06:38:06,12/12/2022 06:38:07,0:00:00.124947,0.115635
275008,200,https://compras.dados.gov.br/licitacoes/v1/licitacoes.csv?uasg=275008            ,12/12/2022 06:38:22,12/12/2022 06:38:22,0:00:00.500912,0.458814
194032,200,https://compras.dados.gov.br/licitacoes/v1/licitacoes.csv?uasg=194032            ,12/12/2022 06:40:54,12/12/2022 06:40:55,0:00:00.941399,0.830236
153254,200,https://compras.dados.gov.br/licitacoes/v1/licitacoes.csv?uasg=153254            ,12/12/2022 06:41:23,12/12/2022 06:41:33,0:00:09.802164,9.752766
390073,200,https://compras.dados.gov.br/licitacoes/v1/licitacoes.csv?uasg=390073            ,12/12/2022 06:42:31,12/12/2022 06:42:31,0:00:00.477564,0.466859
390075,200,https://compras.dados.gov.br/licitacoes/v1/licitacoes.csv?uasg=390075            ,12/12/2022 06:42:47,12/12/2022 06:42:48,0:00:00.950911,0.917545
275011,200,https://compras.dados.gov.br/licitacoes/v1/licitacoes.csv?uasg=275011            ,12/12/2022 06:43:05,12/12/2022 06:43:05,0:00:00.133485,0.127255
160175,200,https://compras.dados.gov.br/licitacoes/v1/licitacoes.csv?uasg=160175            ,12/12/2022 06:47:40,12/12/2022 06:47:46,0:00:05.766274,5.719391
194039,200,https://compras.dados.gov.br/licitacoes/v1/licitacoes.csv?uasg=194039            ,12/12/2022 06:48:13,12/12/2022 06:48:14,0:00:00.396326,0.37707
125120,200,https://compras.dados.gov.br/licitacoes/v1/licitacoes.csv?uasg=125120            ,12/12/2022 06:48:41,12/12/2022 06:48:41,0:00:00.132826,0.12229
125002,200,https://compras.dados.gov.br/licitacoes/v1/licitacoes.csv?uasg=125002            ,12/12/2022 06:51:24,12/12/2022 06:51:25,0:00:00.129425,0.123376
125150,200,https://compras.dados.gov.br/licitacoes/v1/licitacoes.csv?uasg=125150            ,12/12/2022 06:51:40,12/12/2022 06:51:40,0:00:00.159183,0.147118
125075,200,https://compras.dados.gov.br/licitacoes/v1/licitacoes.csv?uasg=125075            ,12/12/2022 06:51:55,12/12/2022 06:51:55,0:00:00.437113,0.395123
125050,200,https://compras.dados.gov.br/licitacoes/v1/licitacoes.csv?uasg=125050            ,12/12/2022 06:53:46,12/12/2022 06:53:50,0:00:03.527733,3.489353
125040,200,https://compras.dados.gov.br/licitacoes/v1/licitacoes.csv?uasg=125040            ,12/12/2022 06:55:11,12/12/2022 06:55:12,0:00:00.984318,0.975267
125090,200,https://compras.dados.gov.br/licitacoes/v1/licitacoes.csv?uasg=125090            ,12/12/2022 06:55:27,12/12/2022 06:55:28,0:00:00.861850,0.834887
125100,200,https://compras.dados.gov.br/licitacoes/v1/licitacoes.csv?uasg=125100            ,12/12/2022 06:56:01,12/12/2022 06:56:02,0:00:00.736625,0.721432
125170,200,https://compras.dados.gov.br/licitacoes/v1/licitacoes.csv?uasg=125170            ,12/12/2022 06:56:17,12/12/2022 06:56:17,0:00:00.255913,0.226605
125092,200,https://compras.dados.gov.br/licitacoes/v1/licitacoes.csv?uasg=125092            ,12/12/2022 06:56:33,12/12/2022 06:56:33,0:00:00.134821,0.127893
125020,200,https://compras.dados.gov.br/licitacoes/v1/licitacoes.csv?uasg=125020            ,12/12/2022 06:56:48,12/12/2022 06:56:48,0:00:00.314368,0.300331
125111,200,https://compras.dados.gov.br/licitacoes/v1/licitacoes.csv?uasg=125111            ,12/12/2022 06:57:03,12/12/2022 06:57:04,0:00:00.795451,0.786683
125011,200,https://compras.dados.gov.br/licitacoes/v1/licitacoes.csv?uasg=125011            ,12/12/2022 06:57:32,12/12/2022 06:57:32,0:00:00.082723,0.07684
125151,200,https://compras.dados.gov.br/licitacoes/v1/licitacoes.csv?uasg=125151            ,12/12/2022 06:57:47,12/12/2022 06:57:48,0:00:00.858446,0.838816
125171,200,https://compras.dados.gov.br/licitacoes/v1/licitacoes.csv?uasg=125171            ,12/12/2022 06:58:15,12/12/2022 06:58:15,0:00:00.205888,0.200005
125053,200,https://compras.dados.gov.br/licitacoes/v1/licitacoes.csv?uasg=125053            ,12/12/2022 06:58:30,12/12/2022 06:58:30,0:00:00.079520,0.07364
125160,200,https://compras.dados.gov.br/licitacoes/v1/licitacoes.csv?uasg=125160            ,12/12/2022 07:02:19,12/12/2022 07:02:42,0:00:23.093241,23.072712
125101,200,https://compras.dados.gov.br/licitacoes/v1/licitacoes.csv?uasg=125101            ,12/12/2022 07:02:57,12/12/2022 07:02:57,0:00:00.116016,0.109902
125112,200,https://compras.dados.gov.br/licitacoes/v1/licitacoes.csv?uasg=125112            ,12/12/2022 07:03:54,12/12/2022 07:03:54,0:00:00.088831,0.082902
125080,200,https://compras.dados.gov.br/licitacoes/v1/licitacoes.csv?uasg=125080            ,12/12/2022 07:05:14,12/12/2022 07:05:18,0:00:03.764516,3.742027
125071,200,https://compras.dados.gov.br/licitacoes/v1/licitacoes.csv?uasg=125071            ,12/12/2022 07:07:50,12/12/2022 07:07:50,0:00:00.114096,0.106219
125054,200,https://compras.dados.gov.br/licitacoes/v1/licitacoes.csv?uasg=125054            ,12/12/2022 07:09:11,12/12/2022 07:09:11,0:00:00.236589,0.230665
125060,200,https://compras.dados.gov.br/licitacoes/v1/licitacoes.csv?uasg=125060            ,12/12/2022 07:09:49,12/12/2022 07:09:49,0:00:00.166566,0.150692
125260,200,https://compras.dados.gov.br/licitacoes/v1/licitacoes.csv?uasg=125260            ,12/12/2022 07:10:40,12/12/2022 07:10:40,0:00:00.086657,0.080405
170102,200,https://compras.dados.gov.br/licitacoes/v1/licitacoes.csv?uasg=170102            ,12/12/2022 07:10:55,12/12/2022 07:10:56,0:00:00.657032,0.610981
135319,200,https://compras.dados.gov.br/licitacoes/v1/licitacoes.csv?uasg=135319            ,12/12/2022 07:11:12,12/12/2022 07:11:12,0:00:00.102907,0.096904
925860,200,https://compras.dados.gov.br/licitacoes/v1/licitacoes.csv?uasg=925860            ,12/12/2022 07:12:32,12/12/2022 07:12:33,0:00:00.736273,0.698745
926397,200,https://compras.dados.gov.br/licitacoes/v1/licitacoes.csv?uasg=926397            ,12/12/2022 07:13:24,12/12/2022 07:13:25,0:00:00.704415,0.610104
927988,200,https://compras.dados.gov.br/licitacoes/v1/licitacoes.csv?uasg=927988            ,12/12/2022 07:14:17,12/12/2022 07:14:18,0:00:00.806257,0.759825
240025,200,https://compras.dados.gov.br/licitacoes/v1/licitacoes.csv?uasg=240025            ,12/12/2022 07:14:46,12/12/2022 07:14:46,0:00:00.191874,0.179202
925898,200,https://compras.dados.gov.br/licitacoes/v1/licitacoes.csv?uasg=925898            ,12/12/2022 07:43:35,12/12/2022 07:43:49,0:00:14.583981,14.543307
925279,200,https://compras.dados.gov.br/licitacoes/v1/licitacoes.csv?uasg=925279            ,12/12/2022 07:46:27,12/12/2022 07:46:28,0:00:01.188266,1.181123
533001,200,https://compras.dados.gov.br/licitacoes/v1/licitacoes.csv?uasg=533001            ,12/12/2022 07:46:56,12/12/2022 07:46:57,0:00:00.761107,0.713441
533002,200,https://compras.dados.gov.br/licitacoes/v1/licitacoes.csv?uasg=533002            ,12/12/2022 07:48:07,12/12/2022 07:48:07,0:00:00.338328,0.317482
926193,200,https://compras.dados.gov.br/licitacoes/v1/licitacoes.csv?uasg=926193            ,12/12/2022 07:49:29,12/12/2022 07:49:30,0:00:00.738040,0.730096
927087,200,https://compras.dados.gov.br/licitacoes/v1/licitacoes.csv?uasg=927087            ,12/12/2022 07:51:35,12/12/2022 07:51:35,0:00:00.187428,0.18086
928584,200,https://compras.dados.gov.br/licitacoes/v1/licitacoes.csv?uasg=928584            ,12/12/2022 07:51:51,12/12/2022 07:51:51,0:00:00.219304,0.213168
928328,200,https://compras.dados.gov.br/licitacoes/v1/licitacoes.csv?uasg=928328            ,12/12/2022 07:52:06,12/12/2022 07:52:06,0:00:00.113916,0.108156
926147,200,https://compras.dados.gov.br/licitacoes/v1/licitacoes.csv?uasg=926147            ,12/12/2022 07:54:20,12/12/2022 07:54:20,0:00:00.324878,0.278164
929624,200,https://compras.dados.gov.br/licitacoes/v1/licitacoes.csv?uasg=929624            ,12/12/2022 07:54:35,12/12/2022 07:54:40,0:00:04.639506,4.633296
926042,200,https://compras.dados.gov.br/licitacoes/v1/licitacoes.csv?uasg=926042            ,12/12/2022 07:56:57,12/12/2022 07:57:01,0:00:03.441567,3.431218
456504,200,https://compras.dados.gov.br/licitacoes/v1/licitacoes.csv?uasg=456504            ,12/12/2022 08:03:29,12/12/2022 08:03:44,0:00:15.891658,15.881974
927987,200,https://compras.dados.gov.br/licitacoes/v1/licitacoes.csv?uasg=927987            ,12/12/2022 08:04:00,12/12/2022 08:04:14,0:00:14.110969,14.104689
456880,200,https://compras.dados.gov.br/licitacoes/v1/licitacoes.csv?uasg=456880            ,12/12/2022 08:04:57,12/12/2022 08:04:59,0:00:02.072814,2.024226
928500,200,https://compras.dados.gov.br/licitacoes/v1/licitacoes.csv?uasg=928500            ,12/12/2022 08:08:42,12/12/2022 08:08:43,0:00:01.112076,1.102648
926844,200,https://compras.dados.gov.br/licitacoes/v1/licitacoes.csv?uasg=926844            ,12/12/2022 08:09:10,12/12/2022 08:09:10,0:00:00.202673,0.196455
927697,200,https://compras.dados.gov.br/licitacoes/v1/licitacoes.csv?uasg=927697            ,12/12/2022 08:11:14,12/12/2022 08:11:14,0:00:00.138924,0.132539
927825,200,https://compras.dados.gov.br/licitacoes/v1/licitacoes.csv?uasg=927825            ,12/12/2022 08:11:29,12/12/2022 08:11:30,0:00:00.273575,0.267571
926703,200,https://compras.dados.gov.br/licitacoes/v1/licitacoes.csv?uasg=926703            ,12/12/2022 08:11:57,12/12/2022 08:12:01,0:00:04.053311,4.018251
443001,200,https://compras.dados.gov.br/licitacoes/v1/licitacoes.csv?uasg=443001            ,12/12/2022 08:13:22,12/12/2022 08:13:26,0:00:03.103844,3.049541
523001,200,https://compras.dados.gov.br/licitacoes/v1/licitacoes.csv?uasg=523001            ,12/12/2022 08:13:42,12/12/2022 08:13:46,0:00:03.692887,3.649176
113214,200,https://compras.dados.gov.br/licitacoes/v1/licitacoes.csv?uasg=113214            ,12/12/2022 08:14:02,12/12/2022 08:14:05,0:00:02.426518,2.381363
323028,200,https://compras.dados.gov.br/licitacoes/v1/licitacoes.csv?uasg=323028            ,12/12/2022 08:14:21,12/12/2022 08:14:25,0:00:03.606842,3.561347
323102,200,https://compras.dados.gov.br/licitacoes/v1/licitacoes.csv?uasg=323102            ,12/12/2022 08:14:53,12/12/2022 08:14:54,0:00:00.827143,0.761544
253003,200,https://compras.dados.gov.br/licitacoes/v1/licitacoes.csv?uasg=253003            ,12/12/2022 08:16:04,12/12/2022 08:16:07,0:00:03.593703,3.54151
413001,200,https://compras.dados.gov.br/licitacoes/v1/licitacoes.csv?uasg=413001            ,12/12/2022 08:16:24,12/12/2022 08:16:30,0:00:06.037716,5.939771
413007,200,https://compras.dados.gov.br/licitacoes/v1/licitacoes.csv?uasg=413007            ,12/12/2022 08:16:46,12/12/2022 08:16:47,0:00:00.383330,0.355384
393001,200,https://compras.dados.gov.br/licitacoes/v1/licitacoes.csv?uasg=393001            ,12/12/2022 08:18:27,12/12/2022 08:18:30,0:00:03.315656,3.275501
203003,200,https://compras.dados.gov.br/licitacoes/v1/licitacoes.csv?uasg=203003            ,12/12/2022 08:19:28,12/12/2022 08:19:31,0:00:03.049219,2.966301
323030,200,https://compras.dados.gov.br/licitacoes/v1/licitacoes.csv?uasg=323030            ,12/12/2022 08:19:48,12/12/2022 08:19:49,0:00:01.375906,1.334228
323031,200,https://compras.dados.gov.br/licitacoes/v1/licitacoes.csv?uasg=323031            ,12/12/2022 08:20:06,12/12/2022 08:20:13,0:00:07.463224,7.393687
929295,200,https://compras.dados.gov.br/licitacoes/v1/licitacoes.csv?uasg=929295            ,12/12/2022 08:22:52,12/12/2022 08:22:52,0:00:00.236822,0.230506
926017,200,https://compras.dados.gov.br/licitacoes/v1/licitacoes.csv?uasg=926017            ,12/12/2022 08:25:07,12/12/2022 08:25:07,0:00:00.704830,0.656824
925995,200,https://compras.dados.gov.br/licitacoes/v1/licitacoes.csv?uasg=925995            ,12/12/2022 08:26:06,12/12/2022 08:26:06,0:00:00.121451,0.115642
926212,200,https://compras.dados.gov.br/licitacoes/v1/licitacoes.csv?uasg=926212            ,12/12/2022 08:26:22,12/12/2022 08:26:22,0:00:00.445465,0.411534
926282,200,https://compras.dados.gov.br/licitacoes/v1/licitacoes.csv?uasg=926282            ,12/12/2022 08:26:38,12/12/2022 08:26:38,0:00:00.961667,0.827911
110089,200,https://compras.dados.gov.br/licitacoes/v1/licitacoes.csv?uasg=110089            ,12/12/2022 08:29:00,12/12/2022 08:29:00,0:00:00.217609,0.211825
110086,200,https://compras.dados.gov.br/licitacoes/v1/licitacoes.csv?uasg=110086            ,12/12/2022 08:29:16,12/12/2022 08:29:16,0:00:00.100231,0.094054
110074,200,https://compras.dados.gov.br/licitacoes/v1/licitacoes.csv?uasg=110074            ,12/12/2022 08:30:27,12/12/2022 08:30:27,0:00:00.163000,0.155813
980104,200,https://compras.dados.gov.br/licitacoes/v1/licitacoes.csv?uasg=980104            ,12/12/2022 08:31:24,12/12/2022 08:31:25,0:00:00.199771,0.193612
981052,200,https://compras.dados.gov.br/licitacoes/v1/licitacoes.csv?uasg=981052            ,12/12/2022 08:32:22,12/12/2022 08:32:22,0:00:00.227931,0.20853
927012,200,https://compras.dados.gov.br/licitacoes/v1/licitacoes.csv?uasg=927012            ,12/12/2022 08:33:20,12/12/2022 08:33:20,0:00:00.118842,0.115307
170172,200,https://compras.dados.gov.br/licitacoes/v1/licitacoes.csv?uasg=170172            ,12/12/2022 08:34:29,12/12/2022 08:34:29,0:00:00.605977,0.567475
170389,200,https://compras.dados.gov.br/licitacoes/v1/licitacoes.csv?uasg=170389            ,12/12/2022 08:35:28,12/12/2022 08:35:28,0:00:00.261958,0.222171
170150,200,https://compras.dados.gov.br/licitacoes/v1/licitacoes.csv?uasg=170150            ,12/12/2022 08:36:37,12/12/2022 08:36:38,0:00:00.604819,0.55679
170148,200,https://compras.dados.gov.br/licitacoes/v1/licitacoes.csv?uasg=170148            ,12/12/2022 08:36:54,12/12/2022 08:36:55,0:00:00.656156,0.611617
171148,200,https://compras.dados.gov.br/licitacoes/v1/licitacoes.csv?uasg=171148            ,12/12/2022 08:37:11,12/12/2022 08:37:11,0:00:00.100355,0.094407
171118,200,https://compras.dados.gov.br/licitacoes/v1/licitacoes.csv?uasg=171118            ,12/12/2022 08:38:21,12/12/2022 08:38:21,0:00:00.093722,0.087894
170020,200,https://compras.dados.gov.br/licitacoes/v1/licitacoes.csv?uasg=170020            ,12/12/2022 08:39:42,12/12/2022 08:39:42,0:00:00.435821,0.407891
171020,200,https://compras.dados.gov.br/licitacoes/v1/licitacoes.csv?uasg=171020            ,12/12/2022 08:39:58,12/12/2022 08:39:58,0:00:00.104225,0.098454
170022,200,https://compras.dados.gov.br/licitacoes/v1/licitacoes.csv?uasg=170022            ,12/12/2022 08:40:26,12/12/2022 08:40:26,0:00:00.636816,0.59439
171226,200,https://compras.dados.gov.br/licitacoes/v1/licitacoes.csv?uasg=171226            ,12/12/2022 08:40:55,12/12/2022 08:40:56,0:00:01.404751,1.398634
170226,200,https://compras.dados.gov.br/licitacoes/v1/licitacoes.csv?uasg=170226            ,12/12/2022 08:41:12,12/12/2022 08:41:15,0:00:03.747529,3.697585
170186,200,https://compras.dados.gov.br/licitacoes/v1/licitacoes.csv?uasg=170186            ,12/12/2022 08:41:46,12/12/2022 08:41:54,0:00:07.851951,7.799923
170533,200,https://compras.dados.gov.br/licitacoes/v1/licitacoes.csv?uasg=170533            ,12/12/2022 08:42:10,12/12/2022 08:42:12,0:00:02.023986,1.976733
170162,200,https://compras.dados.gov.br/licitacoes/v1/licitacoes.csv?uasg=170162            ,12/12/2022 08:42:29,12/12/2022 08:42:36,0:00:06.888842,6.84699
170187,200,https://compras.dados.gov.br/licitacoes/v1/licitacoes.csv?uasg=170187            ,12/12/2022 08:42:53,12/12/2022 08:42:56,0:00:03.708742,3.667094
170182,200,https://compras.dados.gov.br/licitacoes/v1/licitacoes.csv?uasg=170182            ,12/12/2022 08:43:13,12/12/2022 08:43:17,0:00:03.241262,3.132186
170387,200,https://compras.dados.gov.br/licitacoes/v1/licitacoes.csv?uasg=170387            ,12/12/2022 08:43:34,12/12/2022 08:43:36,0:00:02.418780,2.37344
171387,200,https://compras.dados.gov.br/licitacoes/v1/licitacoes.csv?uasg=171387            ,12/12/2022 08:43:52,12/12/2022 08:43:52,0:00:00.732190,0.723488
171520,200,https://compras.dados.gov.br/licitacoes/v1/licitacoes.csv?uasg=171520            ,12/12/2022 08:44:08,12/12/2022 08:44:10,0:00:01.580627,1.574411
171342,200,https://compras.dados.gov.br/licitacoes/v1/licitacoes.csv?uasg=171342            ,12/12/2022 08:44:26,12/12/2022 08:44:28,0:00:02.172617,2.166315
170210,200,https://compras.dados.gov.br/licitacoes/v1/licitacoes.csv?uasg=170210            ,12/12/2022 08:44:44,12/12/2022 08:44:48,0:00:04.429416,4.385896
170163,200,https://compras.dados.gov.br/licitacoes/v1/licitacoes.csv?uasg=170163            ,12/12/2022 08:45:05,12/12/2022 08:45:05,0:00:00.412411,0.372582
170168,200,https://compras.dados.gov.br/licitacoes/v1/licitacoes.csv?uasg=170168            ,12/12/2022 08:45:21,12/12/2022 08:45:22,0:00:01.234274,1.185637
171168,200,https://compras.dados.gov.br/licitacoes/v1/licitacoes.csv?uasg=171168            ,12/12/2022 08:45:39,12/12/2022 08:45:39,0:00:00.115223,0.108837
171317,200,https://compras.dados.gov.br/licitacoes/v1/licitacoes.csv?uasg=171317            ,12/12/2022 08:45:55,12/12/2022 08:45:55,0:00:00.101541,0.095232
170317,200,https://compras.dados.gov.br/licitacoes/v1/licitacoes.csv?uasg=170317            ,12/12/2022 08:46:11,12/12/2022 08:46:11,0:00:00.299232,0.284699
170341,200,https://compras.dados.gov.br/licitacoes/v1/licitacoes.csv?uasg=170341            ,12/12/2022 08:46:39,12/12/2022 08:46:39,0:00:00.158561,0.151351
170382,200,https://compras.dados.gov.br/licitacoes/v1/licitacoes.csv?uasg=170382            ,12/12/2022 08:47:06,12/12/2022 08:47:07,0:00:00.488011,0.458869
170333,200,https://compras.dados.gov.br/licitacoes/v1/licitacoes.csv?uasg=170333            ,12/12/2022 08:47:46,12/12/2022 08:47:47,0:00:00.404279,0.357233
171108,200,https://compras.dados.gov.br/licitacoes/v1/licitacoes.csv?uasg=171108            ,12/12/2022 08:48:27,12/12/2022 08:48:28,0:00:00.086572,0.080862
170108,200,https://compras.dados.gov.br/licitacoes/v1/licitacoes.csv?uasg=170108            ,12/12/2022 08:48:43,12/12/2022 08:48:44,0:00:00.454433,0.426371
980108,200,https://compras.dados.gov.br/licitacoes/v1/licitacoes.csv?uasg=980108            ,12/12/2022 08:49:12,12/12/2022 08:49:12,0:00:00.259478,0.23813
925039,200,https://compras.dados.gov.br/licitacoes/v1/licitacoes.csv?uasg=925039            ,12/12/2022 08:49:40,12/12/2022 08:49:51,0:00:11.513731,11.472412
926524,200,https://compras.dados.gov.br/licitacoes/v1/licitacoes.csv?uasg=926524            ,12/12/2022 08:50:08,12/12/2022 08:50:12,0:00:04.343569,4.304631
710300,200,https://compras.dados.gov.br/licitacoes/v1/licitacoes.csv?uasg=710300            ,12/12/2022 08:50:29,12/12/2022 08:50:30,0:00:00.766524,0.724504
413006,200,https://compras.dados.gov.br/licitacoes/v1/licitacoes.csv?uasg=413006            ,12/12/2022 08:51:54,12/12/2022 08:52:00,0:00:05.386774,5.358581
253033,200,https://compras.dados.gov.br/licitacoes/v1/licitacoes.csv?uasg=253033            ,12/12/2022 08:52:52,12/12/2022 08:52:53,0:00:00.253008,0.243173
925234,200,https://compras.dados.gov.br/licitacoes/v1/licitacoes.csv?uasg=925234            ,12/12/2022 08:53:09,12/12/2022 08:53:10,0:00:01.066112,1.034835
160284,200,https://compras.dados.gov.br/licitacoes/v1/licitacoes.csv?uasg=160284            ,12/12/2022 08:56:30,12/12/2022 08:56:31,0:00:00.271887,0.250134
200247,200,https://compras.dados.gov.br/licitacoes/v1/licitacoes.csv?uasg=200247            ,12/12/2022 08:56:47,12/12/2022 08:56:48,0:00:01.189572,1.145187
167529,200,https://compras.dados.gov.br/licitacoes/v1/licitacoes.csv?uasg=167529            ,12/12/2022 08:57:29,12/12/2022 08:57:29,0:00:00.677509,0.631953
160285,200,https://compras.dados.gov.br/licitacoes/v1/licitacoes.csv?uasg=160285            ,12/12/2022 08:57:57,12/12/2022 08:58:05,0:00:07.818964,7.775684
160374,200,https://compras.dados.gov.br/licitacoes/v1/licitacoes.csv?uasg=160374            ,12/12/2022 08:58:35,12/12/2022 08:58:41,0:00:06.595439,6.55932
741000,200,https://compras.dados.gov.br/licitacoes/v1/licitacoes.csv?uasg=741000            ,12/12/2022 08:59:09,12/12/2022 08:59:37,0:00:27.221252,27.163779
929187,200,https://compras.dados.gov.br/licitacoes/v1/licitacoes.csv?uasg=929187            ,12/12/2022 09:00:18,12/12/2022 09:00:18,0:00:00.215104,0.204987
928924,200,https://compras.dados.gov.br/licitacoes/v1/licitacoes.csv?uasg=928924            ,12/12/2022 09:00:34,12/12/2022 09:00:35,0:00:00.227645,0.21953
928944,200,https://compras.dados.gov.br/licitacoes/v1/licitacoes.csv?uasg=928944            ,12/12/2022 09:00:51,12/12/2022 09:00:51,0:00:00.199660,0.189142
928923,200,https://compras.dados.gov.br/licitacoes/v1/licitacoes.csv?uasg=928923            ,12/12/2022 09:01:07,12/12/2022 09:01:07,0:00:00.313190,0.302909
928945,200,https://compras.dados.gov.br/licitacoes/v1/licitacoes.csv?uasg=928945            ,12/12/2022 09:01:23,12/12/2022 09:01:24,0:00:00.206063,0.19273
928911,200,https://compras.dados.gov.br/licitacoes/v1/licitacoes.csv?uasg=928911            ,12/12/2022 09:01:40,12/12/2022 09:01:40,0:00:00.284469,0.270496
928910,200,https://compras.dados.gov.br/licitacoes/v1/licitacoes.csv?uasg=928910            ,12/12/2022 09:02:08,12/12/2022 09:02:08,0:00:00.149782,0.14334
925574,200,https://compras.dados.gov.br/licitacoes/v1/licitacoes.csv?uasg=925574            ,12/12/2022 09:07:07,12/12/2022 09:07:07,0:00:00.841477,0.800309
926668,200,https://compras.dados.gov.br/licitacoes/v1/licitacoes.csv?uasg=926668            ,12/12/2022 09:08:02,12/12/2022 09:08:03,0:00:00.914474,0.879449
926840,200,https://compras.dados.gov.br/licitacoes/v1/licitacoes.csv?uasg=926840            ,12/12/2022 09:08:43,12/12/2022 09:08:44,0:00:00.748006,0.705592
926697,200,https://compras.dados.gov.br/licitacoes/v1/licitacoes.csv?uasg=926697            ,12/12/2022 09:09:01,12/12/2022 09:09:03,0:00:01.560716,1.5206
926714,200,https://compras.dados.gov.br/licitacoes/v1/licitacoes.csv?uasg=926714            ,12/12/2022 09:10:14,12/12/2022 09:10:16,0:00:01.967442,1.915587
926841,200,https://compras.dados.gov.br/licitacoes/v1/licitacoes.csv?uasg=926841            ,12/12/2022 09:12:15,12/12/2022 09:12:17,0:00:02.197151,2.14976
926181,200,https://compras.dados.gov.br/licitacoes/v1/licitacoes.csv?uasg=926181            ,12/12/2022 09:14:22,12/12/2022 09:14:23,0:00:00.426384,0.385236
240004,200,https://compras.dados.gov.br/licitacoes/v1/licitacoes.csv?uasg=240004            ,12/12/2022 09:14:51,12/12/2022 09:14:51,0:00:00.248031,0.22838
240139,200,https://compras.dados.gov.br/licitacoes/v1/licitacoes.csv?uasg=240139            ,12/12/2022 09:16:36,12/12/2022 09:16:36,0:00:00.097678,0.091453
928832,200,https://compras.dados.gov.br/licitacoes/v1/licitacoes.csv?uasg=928832            ,12/12/2022 09:19:12,12/12/2022 09:19:12,0:00:00.208679,0.202302
928095,200,https://compras.dados.gov.br/licitacoes/v1/licitacoes.csv?uasg=928095            ,12/12/2022 09:19:28,12/12/2022 09:19:29,0:00:00.681543,0.591396
925283,200,https://compras.dados.gov.br/licitacoes/v1/licitacoes.csv?uasg=925283            ,12/12/2022 09:20:27,12/12/2022 09:20:28,0:00:00.278800,0.275222
929198,200,https://compras.dados.gov.br/licitacoes/v1/licitacoes.csv?uasg=929198            ,12/12/2022 09:20:44,12/12/2022 09:20:44,0:00:00.245153,0.234076
925273,200,https://compras.dados.gov.br/licitacoes/v1/licitacoes.csv?uasg=925273            ,12/12/2022 09:21:01,12/12/2022 09:21:01,0:00:00.211202,0.199827
925252,200,https://compras.dados.gov.br/licitacoes/v1/licitacoes.csv?uasg=925252            ,12/12/2022 09:21:30,12/12/2022 09:21:30,0:00:00.419584,0.386192
925276,200,https://compras.dados.gov.br/licitacoes/v1/licitacoes.csv?uasg=925276            ,12/12/2022 09:21:46,12/12/2022 09:21:47,0:00:00.300484,0.221326
928825,200,https://compras.dados.gov.br/licitacoes/v1/licitacoes.csv?uasg=928825            ,12/12/2022 09:23:35,12/12/2022 09:23:47,0:00:12.018239,12.005783
928919,200,https://compras.dados.gov.br/licitacoes/v1/licitacoes.csv?uasg=928919            ,12/12/2022 09:24:03,12/12/2022 09:24:05,0:00:01.685110,1.676225
928789,200,https://compras.dados.gov.br/licitacoes/v1/licitacoes.csv?uasg=928789            ,12/12/2022 09:24:21,12/12/2022 09:24:21,0:00:00.216273,0.205904
928757,200,https://compras.dados.gov.br/licitacoes/v1/licitacoes.csv?uasg=928757            ,12/12/2022 09:24:37,12/12/2022 09:24:38,0:00:00.252458,0.240366
928779,200,https://compras.dados.gov.br/licitacoes/v1/licitacoes.csv?uasg=928779            ,12/12/2022 09:24:54,12/12/2022 09:24:54,0:00:00.204130,0.193857
928783,200,https://compras.dados.gov.br/licitacoes/v1/licitacoes.csv?uasg=928783            ,12/12/2022 09:25:10,12/12/2022 09:25:10,0:00:00.375986,0.355314
928756,200,https://compras.dados.gov.br/licitacoes/v1/licitacoes.csv?uasg=928756            ,12/12/2022 09:25:26,12/12/2022 09:25:26,0:00:00.159527,0.151196
928912,200,https://compras.dados.gov.br/licitacoes/v1/licitacoes.csv?uasg=928912            ,12/12/2022 09:25:42,12/12/2022 09:25:43,0:00:00.125420,0.117656
928806,200,https://compras.dados.gov.br/licitacoes/v1/licitacoes.csv?uasg=928806            ,12/12/2022 09:25:59,12/12/2022 09:26:00,0:00:00.272037,0.261973
928803,200,https://compras.dados.gov.br/licitacoes/v1/licitacoes.csv?uasg=928803            ,12/12/2022 09:26:16,12/12/2022 09:26:16,0:00:00.303774,0.296905
929608,200,https://compras.dados.gov.br/licitacoes/v1/licitacoes.csv?uasg=929608            ,12/12/2022 09:26:33,12/12/2022 09:26:33,0:00:00.137159,0.126176
929217,200,https://compras.dados.gov.br/licitacoes/v1/licitacoes.csv?uasg=929217            ,12/12/2022 09:26:49,12/12/2022 09:26:49,0:00:00.156901,0.14045
929219,200,https://compras.dados.gov.br/licitacoes/v1/licitacoes.csv?uasg=929219            ,12/12/2022 09:27:05,12/12/2022 09:27:06,0:00:00.260287,0.249515
929293,200,https://compras.dados.gov.br/licitacoes/v1/licitacoes.csv?uasg=929293            ,12/12/2022 09:27:22,12/12/2022 09:27:22,0:00:00.252801,0.243335
929181,200,https://compras.dados.gov.br/licitacoes/v1/licitacoes.csv?uasg=929181            ,12/12/2022 09:27:38,12/12/2022 09:27:39,0:00:00.277868,0.262407
929157,200,https://compras.dados.gov.br/licitacoes/v1/licitacoes.csv?uasg=929157            ,12/12/2022 09:27:55,12/12/2022 09:27:56,0:00:00.562653,0.553
928847,200,https://compras.dados.gov.br/licitacoes/v1/licitacoes.csv?uasg=928847            ,12/12/2022 09:28:12,12/12/2022 09:28:13,0:00:01.140335,1.128498
929068,200,https://compras.dados.gov.br/licitacoes/v1/licitacoes.csv?uasg=929068            ,12/12/2022 09:28:29,12/12/2022 09:28:30,0:00:00.645216,0.635491
928871,200,https://compras.dados.gov.br/licitacoes/v1/licitacoes.csv?uasg=928871            ,12/12/2022 09:28:46,12/12/2022 09:28:47,0:00:00.592494,0.577262
928778,200,https://compras.dados.gov.br/licitacoes/v1/licitacoes.csv?uasg=928778            ,12/12/2022 09:29:03,12/12/2022 09:29:04,0:00:01.594141,1.583977
929282,200,https://compras.dados.gov.br/licitacoes/v1/licitacoes.csv?uasg=929282            ,12/12/2022 09:29:21,12/12/2022 09:29:22,0:00:01.218927,1.211228
928770,200,https://compras.dados.gov.br/licitacoes/v1/licitacoes.csv?uasg=928770            ,12/12/2022 09:29:50,12/12/2022 09:29:52,0:00:02.000580,1.985714
928954,200,https://compras.dados.gov.br/licitacoes/v1/licitacoes.csv?uasg=928954            ,12/12/2022 09:30:08,12/12/2022 09:30:08,0:00:00.384306,0.37137
928794,200,https://compras.dados.gov.br/licitacoes/v1/licitacoes.csv?uasg=928794            ,12/12/2022 09:30:25,12/12/2022 09:30:25,0:00:00.185854,0.178169
928947,200,https://compras.dados.gov.br/licitacoes/v1/licitacoes.csv?uasg=928947            ,12/12/2022 09:30:41,12/12/2022 09:30:42,0:00:00.422028,0.407091
928901,200,https://compras.dados.gov.br/licitacoes/v1/licitacoes.csv?uasg=928901            ,12/12/2022 09:30:58,12/12/2022 09:30:58,0:00:00.199632,0.181476
928942,200,https://compras.dados.gov.br/licitacoes/v1/licitacoes.csv?uasg=928942            ,12/12/2022 09:31:14,12/12/2022 09:31:16,0:00:01.702717,1.640055
928891,200,https://compras.dados.gov.br/licitacoes/v1/licitacoes.csv?uasg=928891            ,12/12/2022 09:31:32,12/12/2022 09:31:32,0:00:00.274940,0.26078
929386,200,https://compras.dados.gov.br/licitacoes/v1/licitacoes.csv?uasg=929386            ,12/12/2022 09:31:49,12/12/2022 09:31:49,0:00:00.252785,0.246437
928926,200,https://compras.dados.gov.br/licitacoes/v1/licitacoes.csv?uasg=928926            ,12/12/2022 09:32:05,12/12/2022 09:32:06,0:00:00.692656,0.678948
928887,200,https://compras.dados.gov.br/licitacoes/v1/licitacoes.csv?uasg=928887            ,12/12/2022 09:32:22,12/12/2022 09:32:24,0:00:01.399540,1.389421
929345,200,https://compras.dados.gov.br/licitacoes/v1/licitacoes.csv?uasg=929345            ,12/12/2022 09:32:40,12/12/2022 09:32:43,0:00:02.857066,2.850722
928943,200,https://compras.dados.gov.br/licitacoes/v1/licitacoes.csv?uasg=928943            ,12/12/2022 09:33:00,12/12/2022 09:33:00,0:00:00.175578,0.162188
929117,200,https://compras.dados.gov.br/licitacoes/v1/licitacoes.csv?uasg=929117            ,12/12/2022 09:33:16,12/12/2022 09:33:19,0:00:02.804749,2.793817
928952,200,https://compras.dados.gov.br/licitacoes/v1/licitacoes.csv?uasg=928952            ,12/12/2022 09:33:35,12/12/2022 09:33:36,0:00:00.821343,0.811118
929087,200,https://compras.dados.gov.br/licitacoes/v1/licitacoes.csv?uasg=929087            ,12/12/2022 09:33:53,12/12/2022 09:33:53,0:00:00.283762,0.27488
928814,200,https://compras.dados.gov.br/licitacoes/v1/licitacoes.csv?uasg=928814            ,12/12/2022 09:34:11,12/12/2022 09:34:11,0:00:00.266739,0.255753
928941,200,https://compras.dados.gov.br/licitacoes/v1/licitacoes.csv?uasg=928941            ,12/12/2022 09:34:40,12/12/2022 09:34:41,0:00:01.778331,1.766932
928857,200,https://compras.dados.gov.br/licitacoes/v1/licitacoes.csv?uasg=928857            ,12/12/2022 09:34:58,12/12/2022 09:34:58,0:00:00.131842,0.122753
928867,200,https://compras.dados.gov.br/licitacoes/v1/licitacoes.csv?uasg=928867            ,12/12/2022 09:35:14,12/12/2022 09:35:14,0:00:00.249579,0.240976
928939,200,https://compras.dados.gov.br/licitacoes/v1/licitacoes.csv?uasg=928939            ,12/12/2022 09:35:30,12/12/2022 09:35:31,0:00:00.165487,0.15466
928953,200,https://compras.dados.gov.br/licitacoes/v1/licitacoes.csv?uasg=928953            ,12/12/2022 09:35:47,12/12/2022 09:35:47,0:00:00.163908,0.156791
928985,200,https://compras.dados.gov.br/licitacoes/v1/licitacoes.csv?uasg=928985            ,12/12/2022 09:36:03,12/12/2022 09:36:04,0:00:01.108530,1.09753
929177,200,https://compras.dados.gov.br/licitacoes/v1/licitacoes.csv?uasg=929177            ,12/12/2022 09:36:21,12/12/2022 09:36:21,0:00:00.442632,0.429604
929152,200,https://compras.dados.gov.br/licitacoes/v1/licitacoes.csv?uasg=929152            ,12/12/2022 09:36:37,12/12/2022 09:36:38,0:00:00.241983,0.231006
929212,200,https://compras.dados.gov.br/licitacoes/v1/licitacoes.csv?uasg=929212            ,12/12/2022 09:36:54,12/12/2022 09:36:54,0:00:00.160392,0.14871
928773,200,https://compras.dados.gov.br/licitacoes/v1/licitacoes.csv?uasg=928773            ,12/12/2022 09:37:10,12/12/2022 09:37:11,0:00:00.362886,0.350066
929167,200,https://compras.dados.gov.br/licitacoes/v1/licitacoes.csv?uasg=929167            ,12/12/2022 09:37:27,12/12/2022 09:37:27,0:00:00.252392,0.239406
928859,200,https://compras.dados.gov.br/licitacoes/v1/licitacoes.csv?uasg=928859            ,12/12/2022 09:37:43,12/12/2022 09:37:43,0:00:00.140370,0.12863
929319,200,https://compras.dados.gov.br/licitacoes/v1/licitacoes.csv?uasg=929319            ,12/12/2022 09:37:59,12/12/2022 09:38:00,0:00:00.439632,0.429818
928815,200,https://compras.dados.gov.br/licitacoes/v1/licitacoes.csv?uasg=928815            ,12/12/2022 09:38:17,12/12/2022 09:38:17,0:00:00.263169,0.246163
928922,200,https://compras.dados.gov.br/licitacoes/v1/licitacoes.csv?uasg=928922            ,12/12/2022 09:38:33,12/12/2022 09:38:33,0:00:00.229552,0.222941
929036,200,https://compras.dados.gov.br/licitacoes/v1/licitacoes.csv?uasg=929036            ,12/12/2022 09:38:50,12/12/2022 09:38:50,0:00:00.170128,0.142071
928940,200,https://compras.dados.gov.br/licitacoes/v1/licitacoes.csv?uasg=928940            ,12/12/2022 09:39:06,12/12/2022 09:39:06,0:00:00.234158,0.222872
929209,200,https://compras.dados.gov.br/licitacoes/v1/licitacoes.csv?uasg=929209            ,12/12/2022 09:39:22,12/12/2022 09:39:23,0:00:00.133878,0.127638
928915,200,https://compras.dados.gov.br/licitacoes/v1/licitacoes.csv?uasg=928915            ,12/12/2022 09:39:39,12/12/2022 09:39:39,0:00:00.273566,0.258723
929223,200,https://compras.dados.gov.br/licitacoes/v1/licitacoes.csv?uasg=929223            ,12/12/2022 09:39:55,12/12/2022 09:39:56,0:00:00.271870,0.260102
929170,200,https://compras.dados.gov.br/licitacoes/v1/licitacoes.csv?uasg=929170            ,12/12/2022 09:40:12,12/12/2022 09:40:12,0:00:00.175186,0.167824
928876,200,https://compras.dados.gov.br/licitacoes/v1/licitacoes.csv?uasg=928876            ,12/12/2022 09:40:28,12/12/2022 09:40:29,0:00:00.264765,0.252191
928848,200,https://compras.dados.gov.br/licitacoes/v1/licitacoes.csv?uasg=928848            ,12/12/2022 09:40:57,12/12/2022 09:40:57,0:00:00.231705,0.216407
928850,200,https://compras.dados.gov.br/licitacoes/v1/licitacoes.csv?uasg=928850            ,12/12/2022 09:41:13,12/12/2022 09:41:14,0:00:00.259956,0.231644
929210,200,https://compras.dados.gov.br/licitacoes/v1/licitacoes.csv?uasg=929210            ,12/12/2022 09:41:30,12/12/2022 09:41:30,0:00:00.238060,0.227785
929034,200,https://compras.dados.gov.br/licitacoes/v1/licitacoes.csv?uasg=929034            ,12/12/2022 09:41:47,12/12/2022 09:41:47,0:00:00.303978,0.289737
928888,200,https://compras.dados.gov.br/licitacoes/v1/licitacoes.csv?uasg=928888            ,12/12/2022 09:42:03,12/12/2022 09:42:04,0:00:00.255398,0.245001
928958,200,https://compras.dados.gov.br/licitacoes/v1/licitacoes.csv?uasg=928958            ,12/12/2022 09:42:32,12/12/2022 09:42:32,0:00:00.403143,0.394231
929280,200,https://compras.dados.gov.br/licitacoes/v1/licitacoes.csv?uasg=929280            ,12/12/2022 09:42:49,12/12/2022 09:42:49,0:00:00.332133,0.323294
928802,200,https://compras.dados.gov.br/licitacoes/v1/licitacoes.csv?uasg=928802            ,12/12/2022 09:43:05,12/12/2022 09:43:06,0:00:01.074490,1.068154
929221,200,https://compras.dados.gov.br/licitacoes/v1/licitacoes.csv?uasg=929221            ,12/12/2022 09:43:23,12/12/2022 09:43:24,0:00:01.181801,1.170186
929064,200,https://compras.dados.gov.br/licitacoes/v1/licitacoes.csv?uasg=929064            ,12/12/2022 09:43:40,12/12/2022 09:43:43,0:00:02.509039,2.49773
929249,200,https://compras.dados.gov.br/licitacoes/v1/licitacoes.csv?uasg=929249            ,12/12/2022 09:43:59,12/12/2022 09:43:59,0:00:00.407103,0.388635
929274,200,https://compras.dados.gov.br/licitacoes/v1/licitacoes.csv?uasg=929274            ,12/12/2022 09:44:16,12/12/2022 09:44:16,0:00:00.569551,0.56277
929003,200,https://compras.dados.gov.br/licitacoes/v1/licitacoes.csv?uasg=929003            ,12/12/2022 09:44:33,12/12/2022 09:44:34,0:00:01.335715,1.321479
928917,200,https://compras.dados.gov.br/licitacoes/v1/licitacoes.csv?uasg=928917            ,12/12/2022 09:44:50,12/12/2022 09:44:55,0:00:05.014199,4.99354
928909,200,https://compras.dados.gov.br/licitacoes/v1/licitacoes.csv?uasg=928909            ,12/12/2022 09:45:12,12/12/2022 09:45:19,0:00:06.883122,6.84589
929017,200,https://compras.dados.gov.br/licitacoes/v1/licitacoes.csv?uasg=929017            ,12/12/2022 09:45:36,12/12/2022 09:45:48,0:00:12.693639,12.631498
928837,200,https://compras.dados.gov.br/licitacoes/v1/licitacoes.csv?uasg=928837            ,12/12/2022 09:46:05,12/12/2022 09:46:20,0:00:15.581038,15.569008
929222,200,https://compras.dados.gov.br/licitacoes/v1/licitacoes.csv?uasg=929222            ,12/12/2022 09:46:37,12/12/2022 09:46:43,0:00:06.415689,6.406536
929255,200,https://compras.dados.gov.br/licitacoes/v1/licitacoes.csv?uasg=929255            ,12/12/2022 09:47:19,12/12/2022 09:47:23,0:00:03.617648,3.606555
929347,200,https://compras.dados.gov.br/licitacoes/v1/licitacoes.csv?uasg=929347            ,12/12/2022 09:47:39,12/12/2022 09:47:40,0:00:00.866365,0.854203
928742,200,https://compras.dados.gov.br/licitacoes/v1/licitacoes.csv?uasg=928742            ,12/12/2022 09:47:56,12/12/2022 09:47:59,0:00:02.250084,2.240819
928788,200,https://compras.dados.gov.br/licitacoes/v1/licitacoes.csv?uasg=928788            ,12/12/2022 09:48:15,12/12/2022 09:48:16,0:00:00.400629,0.389419
929128,200,https://compras.dados.gov.br/licitacoes/v1/licitacoes.csv?uasg=929128            ,12/12/2022 09:48:32,12/12/2022 09:48:32,0:00:00.196680,0.18699
929208,200,https://compras.dados.gov.br/licitacoes/v1/licitacoes.csv?uasg=929208            ,12/12/2022 09:48:49,12/12/2022 09:48:50,0:00:00.902385,0.89071
929025,200,https://compras.dados.gov.br/licitacoes/v1/licitacoes.csv?uasg=929025            ,12/12/2022 09:49:06,12/12/2022 09:49:07,0:00:00.349529,0.338899
928931,200,https://compras.dados.gov.br/licitacoes/v1/licitacoes.csv?uasg=928931            ,12/12/2022 09:49:23,12/12/2022 09:49:24,0:00:00.345567,0.335564
929378,200,https://compras.dados.gov.br/licitacoes/v1/licitacoes.csv?uasg=929378            ,12/12/2022 09:49:40,12/12/2022 09:49:40,0:00:00.292926,0.275209
929298,200,https://compras.dados.gov.br/licitacoes/v1/licitacoes.csv?uasg=929298            ,12/12/2022 09:49:57,12/12/2022 09:49:57,0:00:00.302190,0.293925
928879,200,https://compras.dados.gov.br/licitacoes/v1/licitacoes.csv?uasg=928879            ,12/12/2022 09:50:13,12/12/2022 09:50:13,0:00:00.145697,0.137221
929365,200,https://compras.dados.gov.br/licitacoes/v1/licitacoes.csv?uasg=929365            ,12/12/2022 09:50:30,12/12/2022 09:50:30,0:00:00.559483,0.551841
929287,200,https://compras.dados.gov.br/licitacoes/v1/licitacoes.csv?uasg=929287            ,12/12/2022 09:50:47,12/12/2022 09:50:47,0:00:00.391844,0.380158
929560,200,https://compras.dados.gov.br/licitacoes/v1/licitacoes.csv?uasg=929560            ,12/12/2022 09:51:16,12/12/2022 09:51:16,0:00:00.222056,0.214517
929235,200,https://compras.dados.gov.br/licitacoes/v1/licitacoes.csv?uasg=929235            ,12/12/2022 09:51:32,12/12/2022 09:51:33,0:00:00.314792,0.30351
928777,200,https://compras.dados.gov.br/licitacoes/v1/licitacoes.csv?uasg=928777            ,12/12/2022 09:51:49,12/12/2022 09:51:52,0:00:02.719571,2.708697
928920,200,https://compras.dados.gov.br/licitacoes/v1/licitacoes.csv?uasg=928920            ,12/12/2022 09:52:08,12/12/2022 09:52:08,0:00:00.234559,0.22791
929256,200,https://compras.dados.gov.br/licitacoes/v1/licitacoes.csv?uasg=929256            ,12/12/2022 09:52:25,12/12/2022 09:52:25,0:00:00.251862,0.243356
929171,200,https://compras.dados.gov.br/licitacoes/v1/licitacoes.csv?uasg=929171            ,12/12/2022 09:52:42,12/12/2022 09:52:44,0:00:02.190357,2.183698
928930,200,https://compras.dados.gov.br/licitacoes/v1/licitacoes.csv?uasg=928930            ,12/12/2022 09:53:00,12/12/2022 09:53:01,0:00:01.357988,1.347425
928745,200,https://compras.dados.gov.br/licitacoes/v1/licitacoes.csv?uasg=928745            ,12/12/2022 09:53:18,12/12/2022 09:53:20,0:00:01.528467,1.512338
928718,200,https://compras.dados.gov.br/licitacoes/v1/licitacoes.csv?uasg=928718            ,12/12/2022 09:53:36,12/12/2022 09:53:42,0:00:05.517833,5.511336
929150,200,https://compras.dados.gov.br/licitacoes/v1/licitacoes.csv?uasg=929150            ,12/12/2022 09:53:58,12/12/2022 09:54:02,0:00:03.889594,3.883298
928890,200,https://compras.dados.gov.br/licitacoes/v1/licitacoes.csv?uasg=928890            ,12/12/2022 09:54:18,12/12/2022 09:54:20,0:00:01.813761,1.805909
928767,200,https://compras.dados.gov.br/licitacoes/v1/licitacoes.csv?uasg=928767            ,12/12/2022 09:54:37,12/12/2022 09:54:37,0:00:00.144787,0.13782
929199,200,https://compras.dados.gov.br/licitacoes/v1/licitacoes.csv?uasg=929199            ,12/12/2022 09:54:53,12/12/2022 09:54:54,0:00:00.969362,0.962776
929176,200,https://compras.dados.gov.br/licitacoes/v1/licitacoes.csv?uasg=929176            ,12/12/2022 09:55:10,12/12/2022 09:55:11,0:00:00.286587,0.275407
929226,200,https://compras.dados.gov.br/licitacoes/v1/licitacoes.csv?uasg=929226            ,12/12/2022 09:55:27,12/12/2022 09:55:29,0:00:01.685577,1.675921
929397,200,https://compras.dados.gov.br/licitacoes/v1/licitacoes.csv?uasg=929397            ,12/12/2022 09:55:46,12/12/2022 09:55:47,0:00:01.565329,1.552843
929569,200,https://compras.dados.gov.br/licitacoes/v1/licitacoes.csv?uasg=929569            ,12/12/2022 09:56:03,12/12/2022 09:56:08,0:00:04.946670,4.937261
929490,200,https://compras.dados.gov.br/licitacoes/v1/licitacoes.csv?uasg=929490            ,12/12/2022 09:56:25,12/12/2022 09:56:28,0:00:02.961275,2.952329
929327,200,https://compras.dados.gov.br/licitacoes/v1/licitacoes.csv?uasg=929327            ,12/12/2022 09:56:44,12/12/2022 09:56:48,0:00:04.291773,4.285123
928784,200,https://compras.dados.gov.br/licitacoes/v1/licitacoes.csv?uasg=928784            ,12/12/2022 09:57:05,12/12/2022 09:57:10,0:00:05.199168,5.18911
928782,200,https://compras.dados.gov.br/licitacoes/v1/licitacoes.csv?uasg=928782            ,12/12/2022 09:57:26,12/12/2022 09:57:32,0:00:05.747562,5.738336
929537,200,https://compras.dados.gov.br/licitacoes/v1/licitacoes.csv?uasg=929537            ,12/12/2022 09:57:49,12/12/2022 09:58:01,0:00:12.632942,12.624499
929306,200,https://compras.dados.gov.br/licitacoes/v1/licitacoes.csv?uasg=929306            ,12/12/2022 09:58:18,12/12/2022 09:58:24,0:00:06.950407,6.936546
929083,200,https://compras.dados.gov.br/licitacoes/v1/licitacoes.csv?uasg=929083            ,12/12/2022 09:58:41,12/12/2022 09:58:43,0:00:01.950541,1.942289
929225,200,https://compras.dados.gov.br/licitacoes/v1/licitacoes.csv?uasg=929225            ,12/12/2022 09:59:00,12/12/2022 09:59:02,0:00:01.915930,1.906714
929372,200,https://compras.dados.gov.br/licitacoes/v1/licitacoes.csv?uasg=929372            ,12/12/2022 09:59:18,12/12/2022 09:59:18,0:00:00.219660,0.211762
929291,200,https://compras.dados.gov.br/licitacoes/v1/licitacoes.csv?uasg=929291            ,12/12/2022 09:59:35,12/12/2022 09:59:37,0:00:01.549342,1.534467
929655,200,https://compras.dados.gov.br/licitacoes/v1/licitacoes.csv?uasg=929655            ,12/12/2022 09:59:53,12/12/2022 09:59:53,0:00:00.195053,0.184699
